<?xml version="1.0" encoding="UTF-8" standalone="no"?>
<scene depth="1" desc="" eventsnippetid="11" extheight="544" extwidth="704" extx="-32" exty="-32" format="3.2.0" gravx="-0.0" gravy="85.0" height="480" id="1" name="level 1" revision="" savecount="0" tiled="1" tileh="32" tilew="32" type="standard" width="640">
    <layers>
        <grad-bg b1="65" b2="53" g1="54" g2="50" r1="7" r2="40"/>
        <layer blendMode="normal" color="100,168,234" id="0" locked="false" name="Layer 0" opacity="100" order="0" scrollFactorX="1.0" scrollFactorY="1.0" visible="true"/>
    </layers>
    <joints/>
    <regions>
        <region b="64" g="64" h="53" id="0" name="Region 0" pts="4,57.0,0.0,57.0,53.0,0.0,53.0,0.0,0.0" r="64" type="box" w="57" x="279" y="389"/>
    </regions>
    <terrainRegions/>
    <actors>
        <actor a="0.0" aid="1" c="false" group="0" id="3" name="tux 1" sx="2.8125" sy="2.8125" x="301" y="28" z="0"/>
        <actor a="0.0" aid="2" c="false" group="3" id="9" name="enemy2 2" sx="1.0" sy="1.0" x="419" y="285" z="0"/>
        <actor a="0.0" aid="3" c="false" group="3" id="9" name="enemy2 3" sx="1.0" sy="1.0" x="193" y="282" z="0"/>
        <actor a="0.0" aid="4" c="false" group="3" id="7" name="enemy1 4" sx="1.0" sy="1.0" x="539" y="410" z="0"/>
        <actor a="0.0" aid="5" c="false" group="3" id="11" name="bomb 5" sx="1.0" sy="1.0" x="255" y="217" z="0"/>
        <actor a="0.0" aid="6" c="false" group="3" id="11" name="bomb 6" sx="1.0" sy="1.0" x="356" y="219" z="0"/>
        <actor a="0.0" aid="7" c="false" group="3" id="11" name="bomb 7" sx="1.0" sy="1.0" x="145" y="404" z="0"/>
        <actor a="0.0" aid="8" c="false" group="3" id="11" name="bomb 8" sx="1.0" sy="1.0" x="105" y="406" z="0"/>
        <actor a="0.0" aid="9" c="false" group="3" id="11" name="bomb 9" sx="1.0" sy="1.0" x="128" y="381" z="0"/>
        <actor a="0.0" aid="10" c="false" group="3" id="11" name="bomb 10" sx="1.0" sy="1.0" x="126" y="411" z="0"/>
        <actor a="0.0" aid="11" c="false" group="3" id="11" name="bomb 11" sx="1.0" sy="1.0" x="82" y="415" z="0"/>
        <actor a="0.0" aid="12" c="false" group="3" id="11" name="bomb 12" sx="1.0" sy="1.0" x="172" y="414" z="0"/>
        <actor a="0.0" aid="13" c="false" group="3" id="11" name="bomb 13" sx="1.0" sy="1.0" x="159" y="387" z="0"/>
        <actor a="0.0" aid="14" c="false" group="3" id="11" name="bomb 14" sx="1.0" sy="1.0" x="99" y="383" z="0"/>
        <actor a="0.0" aid="15" c="false" group="3" id="11" name="bomb 15" sx="1.0" sy="1.0" x="114" y="359" z="0"/>
        <actor a="0.0" aid="16" c="false" group="3" id="11" name="bomb 16" sx="1.0" sy="1.0" x="143" y="366" z="0"/>
        <actor a="0.0" aid="17" c="false" group="3" id="11" name="bomb 17" sx="1.0" sy="1.0" x="128" y="343" z="0"/>
    </actors>
    <snippets>
        <s enabled="true" id="22">
            <prop id="1" list="0" val="0"/>
            <prop id="2" list="0" val="0"/>
            <prop id="4" list="0" val="1"/>
            <prop id="7" list="0" val="false"/>
            <prop id="8" list="0" val="false"/>
            <prop id="9" list="0" val="No Control"/>
            <prop id="10" list="0" val="0.5"/>
            <prop id="11" list="0" val="0.5"/>
            <prop id="12" list="0" val="Fade"/>
        </s>
    </snippets>
    <terrain>
        <p pts="19,192.0,64.0,224.0,64.0,224.0,96.0,256.0,96.0,256.0,128.0,128.0,128.0,96.0,160.0,64.0,128.0,0.0,128.0,0.0,96.0,32.0,96.0,32.0,64.0,64.0,64.0,64.0,32.0,96.0,32.0,96.0,0.0,160.0,0.0,160.0,32.0,192.0,32.0" x="192.0" y="224.0"/>
        <p pts="3,32.0,0.0,64.0,32.0,0.0,32.0" x="256.0" y="448.0"/>
        <p pts="8,64.0,128.0,0.0,128.0,0.0,0.0,32.0,0.0,32.0,96.0,96.0,96.0,96.0,160.0,64.0,160.0" x="352.0" y="0.0"/>
        <p pts="8,0.0,96.0,64.0,96.0,64.0,0.0,96.0,0.0,96.0,128.0,32.0,128.0,32.0,160.0,0.0,160.0" x="192.0" y="0.0"/>
        <p pts="4,128.0,0.0,192.0,32.0,0.0,32.0,0.0,0.0" x="64.0" y="448.0"/>
        <p pts="4,0.0,32.0,64.0,0.0,256.0,0.0,256.0,32.0" x="320.0" y="448.0"/>
    </terrain>
    <atlases members="0,1,2,3," retainAtlases="false"/>
</scene>
