<?xml version="1.0" encoding="UTF-8" standalone="no"?>
<pack>
    <actor adamp="0.0" ascale="true" atlasID="0" bodytype="0" continuous="true" desc="" eventsnippetid="18" fixedrot="true" fric="0.2" gid="3" id="11" ignoreg="true" inertia="1.0" ldamp="0.0" mass="1.0" name="bomb" oid="-1" pausable="true" physicsMode="0" rest="0.0" shared="false" sprite="12" static="true">
        <snippets>
            <s enabled="true" id="17">
                <prop id="2147483647" list="0" val="thisactor"/>
                <prop id="2" list="0" val="3"/>
            </s>
        </snippets>
    </actor>
    <sprite atlasID="0" default="0" defaultAnimation="0" desc="" height="32" id="12" name="bomb" shared="false" width="32">
        <anim across="1" down="1" durations="100" height="32" id="0" loop="true" name="Animation 0" numframes="1" originx="16" originy="16" sync="false" version="2" width="32">
            <poly data="4,5,7,20,7,20,27,5,27" density="0.1" fric="0.2" gid="-1000" id="0" name="Animation 0" rest="0.0" sensor="false"/>
        </anim>
    </sprite>
    <actor adamp="0.0" ascale="true" atlasID="0" bodytype="2" continuous="true" desc="" eventsnippetid="4" fixedrot="false" fric="0.2" gid="3" id="7" ignoreg="true" inertia="1.0" ldamp="0.0" mass="1.0" name="enemy1" oid="-1" pausable="true" physicsMode="0" rest="0.0" shared="false" sprite="8" static="false">
        <snippets>
            <s enabled="true" id="15">
                <prop id="16" list="0" val="10.0"/>
                <prop id="2147483647" list="0" val="thisactor"/>
                <prop id="17" list="0" val="450"/>
                <prop id="18" list="0" val="0"/>
                <prop id="19" list="0" val="-1"/>
                <prop id="20" list="0" val="true"/>
                <prop id="13" list="0" val="0"/>
                <prop id="15" list="0" val="0"/>
            </s>
        </snippets>
    </actor>
    <sprite atlasID="0" default="0" defaultAnimation="0" desc="" height="32" id="8" name="enemy1" shared="false" width="32">
        <anim across="1" down="1" durations="100" height="32" id="0" loop="true" name="left" numframes="1" originx="16" originy="16" sync="false" version="2" width="32">
            <poly data="4,0,0,32,0,32,32,0,32" density="0.1" fric="0.2" gid="-1000" id="0" name="Animation 0" rest="0.0" sensor="false"/>
        </anim>
        <anim across="1" down="1" durations="100" height="32" id="1" loop="true" name="right" numframes="1" originx="16" originy="16" sync="false" version="2" width="32">
            <poly data="4,0,0,32,0,32,32,0,32" density="0.1" fric="0.2" gid="-1000" id="0" name="right" rest="0.0" sensor="false"/>
        </anim>
    </sprite>
    <actor adamp="0.0" ascale="true" atlasID="0" bodytype="2" continuous="true" desc="" eventsnippetid="12" fixedrot="true" fric="0.2" gid="3" id="9" ignoreg="false" inertia="1.0" ldamp="0.0" mass="0.46" name="enemy2" oid="-1" pausable="true" physicsMode="0" rest="0.0" shared="false" sprite="10" static="false">
        <snippets>
            <s enabled="true" id="14">
                <prop id="16" list="0" val="40"/>
                <prop id="2147483647" list="0" val="thisactor"/>
                <prop id="17" list="0" val="20000000"/>
                <prop id="18" list="0" val="0"/>
                <prop id="19" list="0" val="-1"/>
                <prop id="20" list="0" val="true"/>
                <prop id="13" list="0" val="0"/>
                <prop id="15" list="0" val="0.0"/>
            </s>
        </snippets>
    </actor>
    <sprite atlasID="0" default="0" defaultAnimation="0" desc="" height="32" id="10" name="enemy2" shared="false" width="32">
        <anim across="1" down="1" durations="100" height="32" id="0" loop="true" name="Animation 0" numframes="1" originx="16" originy="16" sync="false" version="2" width="32">
            <poly data="4,0,0,32,0,32,32,0,32" density="0.1" fric="0.2" gid="-1000" id="0" name="Animation 0" rest="0.0" sensor="false"/>
        </anim>
    </sprite>
    <background atlasID="0" desc="" durations="100" dx="-0.0" dy="-0.0" height="120" id="2" name="grad1" numframes="1" oid="-1" repeats="false" resized="false" shared="false" width="160" xpf="1.0" ypf="1.0"/>
    <tileset across="5" atlasID="0" desc="" down="1" id="1" name="main" oid="-1" shared="false" th="8" tw="8">
        <tile collision="1" data="" durations="100" frames="0" id="0" order="-1"/>
        <tile collision="1" data="" durations="100" frames="1" id="1" order="-1"/>
        <tile collision="1" data="" durations="100" frames="2" id="2" order="-1"/>
        <tile collision="1" data="" durations="100" frames="3" id="3" order="-1"/>
        <tile collision="1" data="" durations="100" frames="4" id="4" order="-1"/>
    </tileset>
    <tileset across="21" atlasID="0" desc="" down="6" id="6" name="main1" oid="-1" shared="false" th="32" tw="32">
        <tile collision="1" data="" durations="100" frames="0" id="0" order="-1"/>
        <tile collision="1" data="" durations="100" frames="1" id="1" order="-1"/>
        <tile collision="1" data="" durations="100" frames="2" id="2" order="-1"/>
        <tile collision="1" data="" durations="100" frames="3" id="3" order="-1"/>
        <tile collision="7" data="" durations="100" frames="4" id="4" order="-1"/>
        <tile collision="1" data="" durations="100" frames="5" id="5" order="-1"/>
        <tile collision="6" data="" durations="100" frames="6" id="6" order="-1"/>
        <tile collision="1" data="" durations="100" frames="7" id="7" order="-1"/>
        <tile collision="18" data="" durations="100" frames="8" id="8" order="-1"/>
        <tile collision="19" data="" durations="100" frames="9" id="9" order="-1"/>
        <tile collision="1" data="" durations="100" frames="10" id="10" order="-1"/>
        <tile collision="1" data="" durations="100" frames="11" id="11" order="-1"/>
        <tile collision="1" data="" durations="100" frames="12" id="12" order="-1"/>
        <tile collision="1" data="" durations="100" frames="13" id="13" order="-1"/>
        <tile collision="7" data="" durations="100" frames="14" id="14" order="-1"/>
        <tile collision="1" data="" durations="100" frames="15" id="15" order="-1"/>
        <tile collision="6" data="" durations="100" frames="16" id="16" order="-1"/>
        <tile collision="1" data="" durations="100" frames="17" id="17" order="-1"/>
        <tile collision="1" data="" durations="100" frames="18" id="18" order="-1"/>
        <tile collision="1" data="" durations="100" frames="19" id="19" order="-1"/>
        <tile collision="1" data="" durations="100" frames="20" id="20" order="-1"/>
        <tile collision="7" data="" durations="100" frames="21" id="21" order="-1"/>
        <tile collision="6" data="" durations="100" frames="22" id="22" order="-1"/>
        <tile collision="7" data="" durations="100" frames="23" id="23" order="-1"/>
        <tile collision="6" data="" durations="100" frames="24" id="24" order="-1"/>
        <tile collision="10" data="" durations="100" frames="25" id="25" order="-1"/>
        <tile collision="12" data="" durations="100" frames="26" id="26" order="-1"/>
        <tile collision="13" data="" durations="100" frames="27" id="27" order="-1"/>
        <tile collision="11" data="" durations="100" frames="28" id="28" order="-1"/>
        <tile collision="20" data="" durations="100" frames="29" id="29" order="-1"/>
        <tile collision="21" data="" durations="100" frames="30" id="30" order="-1"/>
        <tile collision="1" data="" durations="100" frames="31" id="31" order="-1"/>
        <tile collision="1" data="" durations="100" frames="32" id="32" order="-1"/>
        <tile collision="1" data="" durations="100" frames="33" id="33" order="-1"/>
        <tile collision="1" data="" durations="100" frames="34" id="34" order="-1"/>
        <tile collision="1" data="" durations="100" frames="35" id="35" order="-1"/>
        <tile collision="1" data="" durations="100" frames="36" id="36" order="-1"/>
        <tile collision="1" data="" durations="100" frames="37" id="37" order="-1"/>
        <tile collision="1" data="" durations="100" frames="38" id="38" order="-1"/>
        <tile collision="1" data="" durations="100" frames="39" id="39" order="-1"/>
        <tile collision="1" data="" durations="100" frames="40" id="40" order="-1"/>
        <tile collision="1" data="" durations="100" frames="41" id="41" order="-1"/>
        <tile collision="1" data="" durations="100" frames="42" id="42" order="-1"/>
        <tile collision="1" data="" durations="100" frames="43" id="43" order="-1"/>
        <tile collision="9" data="" durations="100" frames="44" id="44" order="-1"/>
        <tile collision="8" data="" durations="100" frames="45" id="45" order="-1"/>
        <tile collision="1" data="" durations="100" frames="46" id="46" order="-1"/>
        <tile collision="1" data="" durations="100" frames="47" id="47" order="-1"/>
        <tile collision="1" data="" durations="100" frames="48" id="48" order="-1"/>
        <tile collision="3" data="" durations="100" frames="49" id="49" order="-1"/>
        <tile collision="3" data="" durations="100" frames="50" id="50" order="-1"/>
        <tile collision="1" data="" durations="100" frames="51" id="51" order="-1"/>
        <tile collision="1" data="" durations="100" frames="52" id="52" order="-1"/>
        <tile collision="1" data="" durations="100" frames="53" id="53" order="-1"/>
        <tile collision="1" data="" durations="100" frames="54" id="54" order="-1"/>
        <tile collision="1" data="" durations="100" frames="55" id="55" order="-1"/>
        <tile collision="9" data="" durations="100" frames="56" id="56" order="-1"/>
        <tile collision="1" data="" durations="100" frames="57" id="57" order="-1"/>
        <tile collision="8" data="" durations="100" frames="58" id="58" order="-1"/>
        <tile collision="1" data="" durations="100" frames="59" id="59" order="-1"/>
        <tile collision="1" data="" durations="100" frames="60" id="60" order="-1"/>
        <tile collision="1" data="" durations="100" frames="61" id="61" order="-1"/>
        <tile collision="1" data="" durations="100" frames="62" id="62" order="-1"/>
        <tile collision="1" data="" durations="100" frames="63" id="63" order="-1"/>
        <tile collision="1" data="" durations="100" frames="64" id="64" order="-1"/>
        <tile collision="1" data="" durations="100" frames="65" id="65" order="-1"/>
        <tile collision="1" data="" durations="100" frames="66" id="66" order="-1"/>
        <tile collision="1" data="" durations="100" frames="67" id="67" order="-1"/>
        <tile collision="1" data="" durations="100" frames="68" id="68" order="-1"/>
        <tile collision="1" data="" durations="100" frames="69" id="69" order="-1"/>
        <tile collision="1" data="" durations="100" frames="70" id="70" order="-1"/>
        <tile collision="1" data="" durations="100" frames="71" id="71" order="-1"/>
        <tile collision="1" data="" durations="100" frames="72" id="72" order="-1"/>
        <tile collision="1" data="" durations="100" frames="73" id="73" order="-1"/>
        <tile collision="1" data="" durations="100" frames="74" id="74" order="-1"/>
        <tile collision="1" data="" durations="100" frames="75" id="75" order="-1"/>
        <tile collision="1" data="" durations="100" frames="76" id="76" order="-1"/>
        <tile collision="1" data="" durations="100" frames="77" id="77" order="-1"/>
        <tile collision="1" data="" durations="100" frames="78" id="78" order="-1"/>
        <tile collision="1" data="" durations="100" frames="79" id="79" order="-1"/>
        <tile collision="1" data="" durations="100" frames="80" id="80" order="-1"/>
        <tile collision="1" data="" durations="100" frames="81" id="81" order="-1"/>
        <tile collision="1" data="" durations="100" frames="82" id="82" order="-1"/>
        <tile collision="1" data="" durations="100" frames="83" id="83" order="-1"/>
        <tile collision="1" data="" durations="100" frames="84" id="84" order="-1"/>
        <tile collision="1" data="" durations="100" frames="85" id="85" order="-1"/>
        <tile collision="1" data="" durations="100" frames="86" id="86" order="-1"/>
        <tile collision="1" data="" durations="100" frames="87" id="87" order="-1"/>
        <tile collision="1" data="" durations="100" frames="88" id="88" order="-1"/>
        <tile collision="1" data="" durations="100" frames="89" id="89" order="-1"/>
        <tile collision="1" data="" durations="100" frames="90" id="90" order="-1"/>
        <tile collision="1" data="" durations="100" frames="91" id="91" order="-1"/>
        <tile collision="1" data="" durations="100" frames="92" id="92" order="-1"/>
        <tile collision="1" data="" durations="100" frames="93" id="93" order="-1"/>
        <tile collision="1" data="" durations="100" frames="94" id="94" order="-1"/>
        <tile collision="1" data="" durations="100" frames="95" id="95" order="-1"/>
        <tile collision="1" data="" durations="100" frames="96" id="96" order="-1"/>
        <tile collision="1" data="" durations="100" frames="97" id="97" order="-1"/>
        <tile collision="1" data="" durations="100" frames="98" id="98" order="-1"/>
        <tile collision="1" data="" durations="100" frames="99" id="99" order="-1"/>
        <tile collision="1" data="" durations="100" frames="100" id="100" order="-1"/>
        <tile collision="1" data="" durations="100" frames="101" id="101" order="-1"/>
        <tile collision="1" data="" durations="100" frames="102" id="102" order="-1"/>
        <tile collision="1" data="" durations="100" frames="103" id="103" order="-1"/>
        <tile collision="1" data="" durations="100" frames="104" id="104" order="-1"/>
        <tile collision="1" data="" durations="100" frames="105" id="105" order="-1"/>
        <tile collision="1" data="" durations="100" frames="106" id="106" order="-1"/>
        <tile collision="1" data="" durations="100" frames="107" id="107" order="-1"/>
        <tile collision="1" data="" durations="100" frames="108" id="108" order="-1"/>
        <tile collision="7" data="" durations="100" frames="109" id="109" order="-1"/>
        <tile collision="1" data="" durations="100" frames="110" id="110" order="-1"/>
        <tile collision="1" data="" durations="100" frames="111" id="111" order="-1"/>
        <tile collision="1" data="" durations="100" frames="112" id="112" order="-1"/>
        <tile collision="1" data="" durations="100" frames="113" id="113" order="-1"/>
        <tile collision="1" data="" durations="100" frames="114" id="114" order="-1"/>
        <tile collision="6" data="" durations="100" frames="115" id="115" order="-1"/>
        <tile collision="1" data="" durations="100" frames="116" id="116" order="-1"/>
        <tile collision="1" data="" durations="100" frames="117" id="117" order="-1"/>
        <tile collision="1" data="" durations="100" frames="118" id="118" order="-1"/>
        <tile collision="1" data="" durations="100" frames="119" id="119" order="-1"/>
        <tile collision="1" data="" durations="100" frames="120" id="120" order="-1"/>
        <tile collision="1" data="" durations="100" frames="121" id="121" order="-1"/>
        <tile collision="1" data="" durations="100" frames="122" id="122" order="-1"/>
        <tile collision="1" data="" durations="100" frames="123" id="123" order="-1"/>
        <tile collision="1" data="" durations="100" frames="124" id="124" order="-1"/>
        <tile collision="1" data="" durations="100" frames="125" id="125" order="-1"/>
    </tileset>
    <actor adamp="0.0" ascale="true" atlasID="0" bodytype="2" continuous="true" desc="" eventsnippetid="0" fixedrot="true" fric="0.2" gid="0" id="3" ignoreg="false" inertia="1.0" ldamp="0.1" mass="1.0" name="tux" oid="-1" pausable="true" physicsMode="0" rest="0.1" shared="false" sprite="4" static="false">
        <snippets>
            <s enabled="true" id="17">
                <prop id="2147483647" list="0" val="thisactor"/>
                <prop id="2" list="0" val="7"/>
            </s>
            <s enabled="true" id="2">
                <prop id="2147483647" list="0" val="thisactor"/>
                <prop id="33" list="0" val="left"/>
                <prop id="34" list="0" val="right"/>
                <prop id="37" list="0" val="0.0"/>
                <prop id="38" list="0" val="true"/>
                <prop id="41" list="0" val="up"/>
                <prop id="42" list="0" val="false"/>
                <prop id="43" list="0" val="false"/>
                <prop id="11" list="0" val="15.0"/>
                <prop id="45" list="0" val="50"/>
                <prop id="47" list="0" val="run-r"/>
                <prop id="48" list="0" val="run-l"/>
                <prop id="49" list="0" val="rest"/>
                <prop id="50" list="0" val="rest-l"/>
                <prop id="52" list="0" val="false"/>
                <prop id="53" list="0" val="rest"/>
                <prop id="54" list="0" val="rest-l"/>
                <prop id="55" list="0" val="false"/>
                <prop id="56" list="0" val="true"/>
                <prop id="57" list="0" val="false"/>
                <prop id="58" list="0" val="false"/>
                <prop id="60" list="0" val="false"/>
                <prop id="62" list="0" val="0.2"/>
                <prop id="63" list="0" val="100"/>
            </s>
            <s enabled="true" id="19">
                <prop id="2147483647" list="0" val="thisactor"/>
                <prop id="1" list="0" val=""/>
                <prop id="4" list="0" val=""/>
                <prop id="5" list="0" val="false"/>
                <prop id="6" list="0" val=""/>
                <prop id="7" list="0" val=""/>
                <prop id="10" list="0" val="false"/>
                <prop id="11" list="0" val=""/>
                <prop id="12" list="0" val=""/>
            </s>
            <s enabled="true" id="20">
                <prop id="2147483647" list="0" val="thisactor"/>
                <prop id="1" list="0" val=""/>
                <prop id="4" list="0" val=""/>
                <prop id="5" list="0" val="false"/>
                <prop id="6" list="0" val=""/>
                <prop id="9" list="0" val="0.5"/>
                <prop id="10" list="0" val="0.5"/>
                <prop id="11" list="0" val="Fade"/>
            </s>
            <s enabled="true" id="21">
                <prop id="2147483647" list="0" val="thisactor"/>
                <prop id="17" list="0" val="10.0"/>
                <prop id="22" list="0" val="-1"/>
                <prop id="23" list="0" val="5.0"/>
                <prop id="24" list="0" val="360.0"/>
                <prop id="25" list="0" val="5.0"/>
                <prop id="27" list="0" val="0.0"/>
                <prop id="28" list="0" val="0.0"/>
                <prop id="29" list="0" val="-1"/>
            </s>
            <s enabled="true" id="6">
                <prop id="2147483647" list="0" val="thisactor"/>
                <prop id="1" list="0" val="0.5"/>
                <prop id="2" list="0" val="0.5"/>
                <prop id="3" list="0" val="Crossfade"/>
            </s>
            <s enabled="true" id="7">
                <prop id="2147483647" list="0" val="thisactor"/>
            </s>
            <s enabled="true" id="10">
                <prop id="2147483647" list="0" val="thisactor"/>
                <prop id="3" list="0" val="0.5"/>
                <prop id="4" list="0" val="0.5"/>
                <prop id="5" list="0" val="Fade"/>
            </s>
        </snippets>
    </actor>
    <sprite atlasID="0" default="0" defaultAnimation="0" desc="" height="32" id="4" name="tux" shared="false" width="32">
        <anim across="1" down="1" durations="100" height="32" id="0" loop="true" name="rest" numframes="1" originx="4" originy="4" sync="false" version="2" width="32">
            <poly data="4,8,4,24,4,24,28,8,28" density="0.1" fric="0.2" gid="-1000" id="1" name="Box" rest="0.0" sensor="false"/>
        </anim>
        <anim across="2" down="1" durations="100,100" height="32" id="1" loop="true" name="run-r" numframes="2" originx="4" originy="4" sync="false" version="2" width="64">
            <poly data="4,8,4,24,4,24,28,8,28" density="0.1" fric="0.2" gid="-1000" id="1" name="Box" rest="0.0" sensor="false"/>
        </anim>
        <anim across="1" down="1" durations="100" height="32" id="2" loop="true" name="run-l" numframes="1" originx="4" originy="4" sync="false" version="2" width="32">
            <poly data="4,0,0,32,0,32,32,0,32" density="0.1" fric="0.2" gid="-1000" id="0" name="run-l" rest="0.0" sensor="false"/>
        </anim>
        <anim across="1" down="1" durations="100" height="32" id="3" loop="true" name="rest-l" numframes="1" originx="16" originy="16" sync="false" version="2" width="32">
            <poly data="4,8,4,24,4,24,28,8,28" density="0.1" fric="0.2" gid="-1000" id="0" name="rest-l" rest="0.0" sensor="false"/>
        </anim>
    </sprite>
</pack>
