<?xml version="1.0" encoding="UTF-8" standalone="no"?>
<pack>
    <snippet attachedevent="true" class="scripts.SceneEvents_0" classname="scripts.SceneEvents_0" desc="Scene Specific Events" description="Scene Specific Events" design="true" drawOrder="0" id="0" name="SceneEvents_0" oid="-1" package="scripts." sceneid="0" shared="false" type="scene">
        <blocks/>
        <events/>
    </snippet>
    <snippet actorid="1" attachedevent="true" class="scripts.ActorEvents_1" classname="scripts.ActorEvents_1" desc="Actor Specific Events" description="Actor Specific Events" design="true" drawOrder="0" id="1" name="ActorEvents_1" oid="-1" package="scripts." shared="false" type="actor">
        <blocks/>
        <events>
            <event displayName="Type - Type" enabled="true" id="1" name="event-collide-typetotype" order="1" repeats="true"/>
            <event displayName="Type - Type Copy" enabled="true" id="2" name="event-collide-typetotype" order="3" repeats="true"/>
            <event displayName="Type - Type Copy Copy" enabled="true" id="3" name="event-collide-typetotype" order="4" repeats="true"/>
            <event displayName="Type - Type Copy Copy Copy" enabled="true" id="4" name="event-collide-typetotype" order="5" repeats="true"/>
        </events>
    </snippet>
    <snippet attachedevent="false" class="scripts.Design_2_2_JumpandRunMovement" classname="scripts.Design_2_2_JumpandRunMovement" desc="Allows the actor to run and jump while on the ground." description="Allows the actor to run and jump while on the ground." design="true" drawOrder="0" id="2" name="Jump and Run Movement" oid="-1" package="scripts" shared="false" type="actor">
        <actor default="thisactor" defaultValue="thisactor" desc="" dropdown="" fullname="Actor" hidden="true" id="2147483647" name="actor" order="0"/>
        <control default="" defaultValue="" desc="" dropdown="" fullname="Left Control" hidden="false" id="33" name="_LeftControl" order="9"/>
        <control default="" defaultValue="" desc="" dropdown="" fullname="Right Control" hidden="false" id="34" name="_RightControl" order="10"/>
        <number default="0.0" defaultValue="0.0" desc="" dropdown="" fullname="Move" hidden="true" id="37" name="_Move" order="1"/>
        <boolean default="true" defaultValue="true" desc="If selected, the control attributes will be used to control the movement.&lt;br /&gt;&#10;If unselected, the control attributes are ignored and the movement can be controlled by triggering custom events. &#10;Trigger the events &lt;var&gt;MoveLeft&lt;/var&gt;, &lt;var&gt;MoveRight&lt;/var&gt;, or &lt;var&gt;Jump&lt;/var&gt; to make the actor move as if the keys were pressed." dropdown="" fullname="Use Controls" hidden="false" id="38" name="_UseControls" order="8"/>
        <control default="" defaultValue="" desc="" dropdown="" fullname="Jump Control" hidden="false" id="41" name="_JumpControl" order="11"/>
        <boolean default="false" defaultValue="false" desc="" dropdown="" fullname="Jump" hidden="true" id="42" name="_Jump" order="2"/>
        <boolean default="false" defaultValue="false" desc="" dropdown="" fullname="On Ground" hidden="true" id="43" name="_OnGround" order="5"/>
        <number default="15.0" defaultValue="15.0" desc="The maximum speed at which the actor can run." dropdown="" fullname="Maximum Running Speed" hidden="false" id="11" name="_MaximumRunningSpeed" order="13"/>
        <number default="25.0" defaultValue="25.0" desc="The force used for jumping." dropdown="" fullname="Jumping Force" hidden="false" id="45" name="_JumpingForce" order="14"/>
        <animation default="" defaultValue="" desc="" dropdown="" fullname="Run Right Animation" hidden="false" id="47" name="_RunRightAnimation" order="20"/>
        <animation default="" defaultValue="" desc="" dropdown="" fullname="Run Left Animation" hidden="false" id="48" name="_RunLeftAnimation" order="19"/>
        <animation default="" defaultValue="" desc="" dropdown="" fullname="Idle Right Animation" hidden="false" id="49" name="_IdleRightAnimation" order="18"/>
        <animation default="" defaultValue="" desc="" dropdown="" fullname="Idle Left Animation" hidden="false" id="50" name="_IdleLeftAnimation" order="17"/>
        <boolean default="false" defaultValue="false" desc="" dropdown="" fullname="Jumping" hidden="true" id="52" name="_Jumping" order="6"/>
        <animation default="" defaultValue="" desc="" dropdown="" fullname="Jump Right Animation" hidden="false" id="53" name="_JumpRightAnimation" order="22"/>
        <animation default="" defaultValue="" desc="" dropdown="" fullname="Jump Left Animation" hidden="false" id="54" name="_JumpLeftAnimation" order="21"/>
        <boolean default="false" defaultValue="false" desc="" dropdown="" fullname="Facing Left" hidden="true" id="55" name="_FacingLeft" order="7"/>
        <boolean default="false" defaultValue="false" desc="If selected, use the &lt;var&gt;Jump&lt;/var&gt; animations while falling, otherwise use the &lt;var&gt;Idle&lt;/var&gt; animations." dropdown="" fullname="Jump Animation When Falling" hidden="false" id="56" name="_JumpAnimationWhenFalling" order="23"/>
        <boolean default="false" defaultValue="false" desc="" dropdown="" fullname="Jump Higher" hidden="true" id="57" name="_JumpHigher" order="4"/>
        <boolean default="false" defaultValue="false" desc="" dropdown="" fullname="Was Jump" hidden="true" id="58" name="_WasJump" order="3"/>
        <boolean default="false" defaultValue="false" desc="If selected, the jumping height will depend on how long the &lt;var&gt;Jump&lt;/var&gt; key is pressed." dropdown="" fullname="Variable Jump" hidden="false" id="60" name="_VariableJump" order="15"/>
        <number default="0.2" defaultValue="0.2" desc="Holding down the jump key longer than this will not make the actor jump higher. Only used if &lt;var&gt;Variable Jump&lt;/var&gt; is selected." dropdown="" fullname="Variable Jump Duration" hidden="false" id="62" name="_VariableJumpDuration" order="16"/>
        <number default="50" defaultValue="50" desc="The force used for running." dropdown="" fullname="Running Force" hidden="false" id="63" name="_RunningForce" order="12"/>
        <blocks/>
        <events>
            <event displayName="Updated" enabled="true" id="3" name="step" order="3" repeats="true"/>
            <event displayName="Custom Event" enabled="true" id="4" name="event-custom" order="5" repeats="true"/>
            <event displayName="Custom Event" enabled="true" id="5" name="event-custom" order="6" repeats="true"/>
            <event displayName="Custom Event" enabled="true" id="7" name="event-custom" order="7" repeats="true"/>
            <event displayName="Actor - Any" enabled="true" id="8" name="collide" order="4" repeats="true"/>
        </events>
    </snippet>
    <snippet attachedevent="false" class="scripts.Design_3_3_ReloadSceneOnDeath" classname="scripts.Design_3_3_ReloadSceneOnDeath" desc="Reload the scene when this actor dies." description="Reload the scene when this actor dies." design="true" drawOrder="0" id="3" name="Reload Scene On Death" oid="-1" package="scripts" shared="false" type="actor">
        <actor default="thisactor" defaultValue="thisactor" desc="" dropdown="" fullname="Actor" hidden="true" id="2147483647" name="actor" order="0"/>
        <number default="0.5" defaultValue="0.5" desc="The time to transition out, in seconds, if one of the first six &lt;em&gt;Transition Styles&lt;/em&gt; is used. Otherwise the time to transition out and in." dropdown="" fullname="Out Time" hidden="false" id="1" name="_OutTime" order="2"/>
        <number default="0.5" defaultValue="0.5" desc="The time to transition in, in seconds, if one of the first six &lt;em&gt;Transition Styles&lt;/em&gt; is used. Otherwise it is ignored." dropdown="" fullname="In Time" hidden="false" id="2" name="_InTime" order="3"/>
        <text default="" defaultValue="" desc="The style to use for the reload transition." dropdown="Fade=Fade&#10;Blinds=Blinds&#10;Bubbles=Bubbles&#10;Spotlight=Spotlight&#10;Blur=Blur&#10;Box=Box&#10;Crossfade=Crossfade&#10;Slide Up=Slide Up&#10;Slide Down=Slide Down&#10;Slide Left=Slide Left&#10;Slide Right=Slide Right" fullname="Transition Style" hidden="false" id="3" name="_TransitionStyle" order="1"/>
        <blocks/>
        <events>
            <event displayName="Actor Created" enabled="true" id="1" name="event-actor-create-kill" order="1" repeats="true"/>
            <event displayName="Reload" enabled="true" id="2" name="event-custom" order="2" repeats="true"/>
        </events>
    </snippet>
    <snippet attachedevent="false" class="scripts.Design_4_4_DieOnLeavingScreen" classname="scripts.Design_4_4_DieOnLeavingScreen" desc="Attach to an actor to make it die once it leaves the screen." description="Attach to an actor to make it die once it leaves the screen." design="true" drawOrder="0" id="4" name="Die On Leaving Screen" oid="-1" package="scripts" shared="false" type="actor">
        <actor default="thisactor" defaultValue="thisactor" desc="" dropdown="" fullname="Actor" hidden="true" id="2147483647" name="actor" order="0"/>
        <blocks/>
        <events>
            <event displayName="Creation" enabled="true" id="1" name="init" order="1" repeats="true"/>
            <event displayName="Leaves Screen" enabled="true" id="4" name="event-actor-screen" order="4" repeats="true"/>
        </events>
    </snippet>
    <snippet actorid="3" attachedevent="true" class="scripts.ActorEvents_3" classname="scripts.ActorEvents_3" desc="Actor Specific Events" description="Actor Specific Events" design="true" drawOrder="0" id="5" name="ActorEvents_3" oid="-1" package="scripts." shared="false" type="actor">
        <blocks/>
        <events>
            <event displayName="Type - Type" enabled="true" id="1" name="event-collide-typetotype" order="1" repeats="true"/>
        </events>
    </snippet>
    <snippet actorid="5" attachedevent="true" class="scripts.ActorEvents_5" classname="scripts.ActorEvents_5" desc="Actor Specific Events" description="Actor Specific Events" design="true" drawOrder="0" id="6" name="ActorEvents_5" oid="-1" package="scripts." shared="false" type="actor">
        <blocks/>
        <events>
            <event displayName="Type - Type" enabled="true" id="1" name="event-collide-typetotype" order="1" repeats="true"/>
        </events>
    </snippet>
    <snippet actorid="7" attachedevent="true" class="scripts.ActorEvents_7" classname="scripts.ActorEvents_7" desc="Actor Specific Events" description="Actor Specific Events" design="true" drawOrder="0" id="7" name="ActorEvents_7" oid="-1" package="scripts." shared="false" type="actor">
        <blocks/>
        <events/>
    </snippet>
    <snippet actorid="9" attachedevent="true" class="scripts.ActorEvents_9" classname="scripts.ActorEvents_9" desc="Actor Specific Events" description="Actor Specific Events" design="true" drawOrder="0" id="8" name="ActorEvents_9" oid="-1" package="scripts." shared="false" type="actor">
        <blocks/>
        <events>
            <event displayName="After N secs" enabled="true" id="1" name="event-delay" order="1" repeats="true"/>
        </events>
    </snippet>
    <snippet actorid="11" attachedevent="true" class="scripts.ActorEvents_11" classname="scripts.ActorEvents_11" desc="Actor Specific Events" description="Actor Specific Events" design="true" drawOrder="0" id="9" name="ActorEvents_11" oid="-1" package="scripts." shared="false" type="actor">
        <blocks/>
        <events/>
    </snippet>
    <snippet attachedevent="false" class="scripts.Design_10_10_DieOnCollisionWithActorType" classname="scripts.Design_10_10_DieOnCollisionWithActorType" desc="Attach to an actor to make it die when it collides with a specific actor type." description="Attach to an actor to make it die when it collides with a specific actor type." design="true" drawOrder="0" id="10" name="Die On Collision With Actor Type" oid="-1" package="scripts" shared="false" type="actor">
        <actor default="thisactor" defaultValue="thisactor" desc="" dropdown="" fullname="Actor" hidden="true" id="2147483647" name="actor" order="0"/>
        <actortype default="" defaultValue="" desc="When the actor collides with an actor, it will die if the other actor is of this type." dropdown="" fullname="Actor Type" hidden="false" id="2" name="_ActorType" order="1"/>
        <blocks/>
        <events>
            <event displayName="Collision" enabled="true" id="1" name="event-collide-actortotype" order="1" repeats="true"/>
        </events>
    </snippet>
    <snippet attachedevent="false" class="scripts.Design_11_11_ExplodeOnDeath" classname="scripts.Design_11_11_ExplodeOnDeath" desc="Spawn an explosion and fragments when the actor dies." description="Spawn an explosion and fragments when the actor dies." design="true" drawOrder="0" id="11" name="Explode On Death" oid="-1" package="scripts" shared="false" type="actor">
        <actor default="thisactor" defaultValue="thisactor" desc="" dropdown="" fullname="Actor" hidden="true" id="2147483647" name="actor" order="0"/>
        <number default="10.0" defaultValue="10.0" desc="The maximum speed at which the fragments fly away." dropdown="" fullname="Maximum Speed" hidden="false" id="17" name="_MaximumSpeed" order="6"/>
        <actortype default="" defaultValue="" desc="The actor type of the fragments to create.&lt;br/&gt;&#10;Make sure the actor type of the fragments doesn't collide with this actor." dropdown="" fullname="Fragment Actor Type" hidden="false" id="22" name="_FragmentActorType" order="3"/>
        <number default="5.0" defaultValue="5.0" desc="The number of fragments to create." dropdown="" fullname="Number of Fragments" hidden="false" id="23" name="_NumberofFragments" order="4"/>
        <number default="360.0" defaultValue="360.0" desc="The maximum turning speed for the fragments." dropdown="" fullname="Maximum Turning Speed" hidden="false" id="24" name="_MaximumTurningSpeed" order="7"/>
        <number default="5.0" defaultValue="5.0" desc="The minimum speed at which the fragments fly away." dropdown="" fullname="Minimum Speed" hidden="false" id="25" name="_MinimumSpeed" order="5"/>
        <number default="0.0" defaultValue="0.0" desc="An offset in the direction of movement at which the fragments will be created." dropdown="" fullname="Offset" hidden="false" id="27" name="_Offset" order="8"/>
        <number default="0.0" defaultValue="0.0" desc="" dropdown="" fullname="Direction" hidden="true" id="28" name="_Direction" order="1"/>
        <actortype default="" defaultValue="" desc="The actor type of the explosion to create.&lt;br/&gt;&#10;Make sure the actor type of the explosion doesn't collide with this actor." dropdown="" fullname="Explosion Actor Type" hidden="false" id="29" name="_ExplosionActorType" order="2"/>
        <blocks/>
        <events>
            <event displayName="Actor Created" enabled="true" id="2" name="event-actor-create-kill" order="2" repeats="true"/>
        </events>
    </snippet>
    <snippet attachedevent="false" class="scripts.Design_12_12_Wander" classname="scripts.Design_12_12_Wander" desc="Make the actor move around and wait randomly." description="Make the actor move around and wait randomly." design="true" drawOrder="0" id="12" name="Wander" oid="-1" package="scripts" shared="false" type="actor">
        <actor default="thisactor" defaultValue="thisactor" desc="" dropdown="" fullname="Actor" hidden="true" id="2147483647" name="actor" order="0"/>
        <number default="1.0" defaultValue="1.0" desc="The minimum time the actor keeps on moving before waiting." dropdown="" fullname="Minimum Moving Time" hidden="false" id="1" name="_MinimumMovingTime" order="7"/>
        <number default="2.0" defaultValue="2.0" desc="The maximum time the actor keeps on moving before waiting." dropdown="" fullname="Maximum Moving Time" hidden="false" id="2" name="_MaximumMovingTime" order="8"/>
        <number default="1.0" defaultValue="1.0" desc="The minimum time the actor keeps on waiting before moving again." dropdown="" fullname="Minimum Waiting Time" hidden="false" id="3" name="_MinimumWaitingTime" order="9"/>
        <number default="2.0" defaultValue="2.0" desc="The maximum time the actor keeps on waiting before moving again." dropdown="" fullname="Maximum Waiting Time" hidden="false" id="4" name="_MaximumWaitingTime" order="10"/>
        <boolean default="true" defaultValue="true" desc="If selected, start with waiting.&lt;br /&gt;&#10;If unselected, move right away." dropdown="" fullname="Start with Waiting" hidden="false" id="5" name="_StartwithWaiting" order="11"/>
        <number default="10.0" defaultValue="10.0" desc="The maximum moving speed." dropdown="" fullname="Maximum Speed" hidden="false" id="6" name="_MaximumSpeed" order="6"/>
        <boolean default="false" defaultValue="false" desc="" dropdown="" fullname="Wait" hidden="true" id="9" name="_Wait" order="1"/>
        <boolean default="false" defaultValue="false" desc="" dropdown="" fullname="Move" hidden="true" id="10" name="_Move" order="2"/>
        <number default="5.0" defaultValue="5.0" desc="The minimum moving speed." dropdown="" fullname="Minimum Speed" hidden="false" id="11" name="_MinimumSpeed" order="5"/>
        <boolean default="true" defaultValue="true" desc="If selected, the actor will change the movement direction when colliding.&lt;br /&gt;&#10;If unselected, the actor will try to keep on moving in the current direction." dropdown="" fullname="Change Direction when Colliding" hidden="false" id="13" name="_ChangeDirectionwhenColliding" order="12"/>
        <number default="0" defaultValue="0" desc="" dropdown="" fullname="Speed X" hidden="true" id="20" name="_SpeedX" order="3"/>
        <number default="0" defaultValue="0" desc="" dropdown="" fullname="Speed Y" hidden="true" id="21" name="_SpeedY" order="4"/>
        <blocks/>
        <events>
            <event displayName="Created" enabled="true" id="1" name="init" order="1" repeats="true"/>
            <event displayName="Updated" enabled="true" id="2" name="step" order="2" repeats="true"/>
            <event displayName="Actor - Any" enabled="true" id="3" name="collide" order="3" repeats="true"/>
        </events>
    </snippet>
    <snippet attachedevent="false" class="scripts.Design_13_13_BackandForthHorizontally" classname="scripts.Design_13_13_BackandForthHorizontally" desc="Makes the actor move back and forth horizontally." description="Makes the actor move back and forth horizontally." design="true" drawOrder="0" id="13" name="Back and Forth Horizontally" oid="-1" package="scripts" shared="false" type="actor">
        <number default="10.0" defaultValue="10.0" desc="The movement speed." dropdown="" fullname="Speed" hidden="false" id="16" name="_Speed" order="3"/>
        <actor default="thisactor" defaultValue="thisactor" desc="" dropdown="" fullname="Actor" hidden="true" id="2147483647" name="actor" order="0"/>
        <number default="100.0" defaultValue="100.0" desc="The distance the actor will be moving to the left." dropdown="" fullname="Distance Left" hidden="false" id="17" name="_DistanceLeft" order="5"/>
        <number default="100.0" defaultValue="100.0" desc="The distance the actor will be moving to the right." dropdown="" fullname="Distance Right" hidden="false" id="18" name="_DistanceRight" order="6"/>
        <number default="0.0" defaultValue="0.0" desc="The direction in which the actor will be moving when created." dropdown="Left=-1&#10;Right=1" fullname="Initial Direction" hidden="false" id="19" name="_InitialDirection" order="4"/>
        <boolean default="true" defaultValue="true" desc="If selected, the actor will change the movement direction when colliding.&lt;br /&gt;&#10;If unselected, the actor will try to keep on moving in the current direction." dropdown="" fullname="Change Direction on Collision" hidden="false" id="20" name="_ChangeDirectiononCollision" order="7"/>
        <number default="0" defaultValue="0" desc="" dropdown="" fullname="Start" hidden="true" id="13" name="_Start" order="1"/>
        <number default="0" defaultValue="0" desc="" dropdown="" fullname="End" hidden="true" id="15" name="_End" order="2"/>
        <blocks/>
        <events>
            <event displayName="Updated" enabled="true" id="1" name="step" order="2" repeats="true"/>
            <event displayName="Drawing" enabled="true" id="2" name="draw" order="4" repeats="true"/>
            <event displayName="Created" enabled="true" id="3" name="init" order="1" repeats="true"/>
            <event displayName="Actor - Any" enabled="true" id="4" name="collide" order="3" repeats="true"/>
        </events>
    </snippet>
    <snippet attachedevent="false" class="scripts.Design_14_14_2WayVerticalMovement" classname="scripts.Design_14_14_2WayVerticalMovement" desc="Allows the actor to move up and down." description="Allows the actor to move up and down." design="true" drawOrder="0" id="14" name="2 Way Vertical Movement" oid="-1" package="scripts" shared="false" type="actor">
        <actor default="thisactor" defaultValue="thisactor" desc="" dropdown="" fullname="Actor" hidden="true" id="2147483647" name="actor" order="0"/>
        <control default="" defaultValue="" desc="" dropdown="" fullname="Up Control" hidden="false" id="33" name="_UpControl" order="4"/>
        <control default="" defaultValue="" desc="" dropdown="" fullname="Down Control" hidden="false" id="34" name="_DownControl" order="5"/>
        <number default="0" defaultValue="0" desc="" dropdown="" fullname="Move Y" hidden="true" id="37" name="_MoveY" order="1"/>
        <boolean default="true" defaultValue="true" desc="If selected, the control attributes will be used to control the movement.&lt;br /&gt;&#10;If unselected, the control attributes are ignored and the movement can be controlled by triggering custom events. Trigger the event  &lt;var&gt;MoveUp&lt;/var&gt; or &lt;var&gt;MoveDown&lt;/var&gt; to make the actor move as if the keys were pressed." dropdown="" fullname="Use Controls" hidden="false" id="38" name="_UseControls" order="3"/>
        <boolean default="false" defaultValue="false" desc="If selected, the actor will not be able to move horizontally." dropdown="" fullname="Prevent Horizontal Movement" hidden="false" id="39" name="_PreventHorizontalMovement" order="7"/>
        <number default="0.0" defaultValue="0.0" desc="" dropdown="" fullname="Start X" hidden="true" id="40" name="_StartX" order="2"/>
        <animation default="" defaultValue="" desc="" dropdown="" fullname="Up Animation (Idle)" hidden="false" id="41" name="_UpAnimationIdle" order="10"/>
        <animation default="" defaultValue="" desc="" dropdown="" fullname="Up Animation" hidden="false" id="42" name="_UpAnimation" order="11"/>
        <animation default="" defaultValue="" desc="" dropdown="" fullname="Down Animation (Idle)" hidden="false" id="43" name="_DownAnimationIdle" order="12"/>
        <number default="30.0" defaultValue="30.0" desc="The speed of the movement." dropdown="" fullname="Speed" hidden="false" id="11" name="_Speed" order="6"/>
        <animation default="" defaultValue="" desc="" dropdown="" fullname="Down Animation" hidden="false" id="44" name="_DownAnimation" order="13"/>
        <boolean default="true" defaultValue="true" desc="If selected, the animation attributes will be used, otherwise they will be ignored." dropdown="" fullname="Use Animations" hidden="false" id="45" name="_UseAnimations" order="9"/>
        <boolean default="true" defaultValue="true" desc="If selected, the actor will not be able to turn while moving." dropdown="" fullname="Stop Turning" hidden="false" id="46" name="_StopTurning" order="8"/>
        <blocks/>
        <events>
            <event displayName="Updated" enabled="true" id="3" name="step" order="4" repeats="true"/>
            <event displayName="Custom Event" enabled="true" id="4" name="event-custom" order="5" repeats="true"/>
            <event displayName="Custom Event" enabled="true" id="5" name="event-custom" order="6" repeats="true"/>
            <event displayName="Created" enabled="true" id="6" name="init" order="3" repeats="true"/>
        </events>
    </snippet>
    <snippet attachedevent="false" class="scripts.Design_15_15_BackandForthVertically" classname="scripts.Design_15_15_BackandForthVertically" desc="Makes the actor move back and forth vertically." description="Makes the actor move back and forth vertically." design="true" drawOrder="0" id="15" name="Back and Forth Vertically" oid="-1" package="scripts" shared="false" type="actor">
        <number default="10.0" defaultValue="10.0" desc="The movement speed." dropdown="" fullname="Speed" hidden="false" id="16" name="_Speed" order="3"/>
        <actor default="thisactor" defaultValue="thisactor" desc="" dropdown="" fullname="Actor" hidden="true" id="2147483647" name="actor" order="0"/>
        <number default="100.0" defaultValue="100.0" desc="The distance the actor will be moving up." dropdown="" fullname="Distance Up" hidden="false" id="17" name="_DistanceUp" order="5"/>
        <number default="100.0" defaultValue="100.0" desc="The distance the actor will be moving down." dropdown="" fullname="Distance Down" hidden="false" id="18" name="_DistanceDown" order="6"/>
        <number default="0.0" defaultValue="0.0" desc="The direction in which the actor will be moving when created." dropdown="Up=-1&#10;Down=1" fullname="Initial Direction" hidden="false" id="19" name="_InitialDirection" order="4"/>
        <boolean default="true" defaultValue="true" desc="If selected, the actor will change the movement direction when colliding.&lt;br /&gt;&#10;If unselected, the actor will try to keep on moving in the current direction." dropdown="" fullname="Change Direction on Collision" hidden="false" id="20" name="_ChangeDirectiononCollision" order="7"/>
        <number default="0" defaultValue="0" desc="" dropdown="" fullname="Start" hidden="true" id="13" name="_Start" order="1"/>
        <number default="0.0" defaultValue="0.0" desc="" dropdown="" fullname="End" hidden="true" id="15" name="_End" order="2"/>
        <blocks/>
        <events>
            <event displayName="Updated" enabled="true" id="1" name="step" order="2" repeats="true"/>
            <event displayName="Drawing" enabled="true" id="2" name="draw" order="4" repeats="true"/>
            <event displayName="Created" enabled="true" id="3" name="init" order="1" repeats="true"/>
            <event displayName="Actor - Any" enabled="true" id="4" name="collide" order="3" repeats="true"/>
        </events>
    </snippet>
    <snippet attachedevent="true" class="scripts.SceneEvents_1" classname="scripts.SceneEvents_1" desc="Scene Specific Events" description="Scene Specific Events" design="true" drawOrder="0" id="16" name="SceneEvents_1" oid="-1" package="scripts." sceneid="1" shared="false" type="scene">
        <blocks/>
        <events>
            <event displayName="Enters Region" enabled="true" id="1" name="event-actor-region" order="1" repeats="true"/>
            <event displayName="Enters Region" enabled="true" id="2" name="event-actor-region" order="2" repeats="true"/>
        </events>
    </snippet>
    <snippet attachedevent="false" class="scripts.Design_17_17_SwitchSceneonEnterRegion" classname="scripts.Design_17_17_SwitchSceneonEnterRegion" desc="Switch scene when an actor enters a region." description="Switch scene when an actor enters a region." design="true" drawOrder="0" id="17" name="Switch Scene on Enter Region" oid="-1" package="scripts" shared="false" type="scene">
        <region default="" defaultValue="" desc="The region which will trigger the scene switch." dropdown="" fullname="Region" hidden="false" id="1" name="_Region" order="2"/>
        <scene default="" defaultValue="" desc="The scene to switch to." dropdown="" fullname="Next Scene" hidden="false" id="2" name="_NextScene" order="3"/>
        <actor default="" defaultValue="" desc="The actor that will trigger the scene switch when entering the region." dropdown="" fullname="Actor" hidden="false" id="4" name="_Actor" order="1"/>
        <boolean default="false" defaultValue="false" desc="" dropdown="" fullname="In Region" hidden="true" id="7" name="_InRegion" order="0"/>
        <boolean default="false" defaultValue="false" desc="If selected, only switch scene, when &lt;var&gt;Switch Control&lt;/var&gt; is pressed, while the actor is within the region." dropdown="" fullname="Only Switch On Key Press" hidden="false" id="8" name="_OnlySwitchOnKeyPress" order="4"/>
        <control default="" defaultValue="" desc="The Control to trigger the scene switch if &lt;var&gt;Only Switch On Key Press&lt;/var&gt; is selected." dropdown="" fullname="Switch Control" hidden="false" id="9" name="_SwitchControl" order="5"/>
        <number default="0.5" defaultValue="0.5" desc="The time to transition out, in seconds, if one of the first six &lt;em&gt;Transition Styles&lt;/em&gt; is used. Otherwise the time to transition out and in." dropdown="" fullname="Out Time" hidden="false" id="10" name="_OutTime" order="7"/>
        <number default="0.5" defaultValue="0.5" desc="The time to transition in, in seconds, if one of the first six &lt;em&gt;Transition Styles&lt;/em&gt; is used. Otherwise it is ignored." dropdown="" fullname="In Time" hidden="false" id="11" name="_InTime" order="8"/>
        <text default="" defaultValue="" desc="The style to use for the switch scene transition." dropdown="Fade=Fade&#10;Blinds=Blinds&#10;Bubbles=Bubbles&#10;Spotlight=Spotlight&#10;Blur=Blur&#10;Box=Box&#10;Crossfade=Crossfade&#10;Slide Up=Slide Up&#10;Slide Down=Slide Down&#10;Slide Left=Slide Left&#10;Slide Right=Slide Right" fullname="Transition Style" hidden="false" id="12" name="_TransitionStyle" order="6"/>
        <blocks/>
        <events>
            <event displayName="Updated" enabled="true" id="1" name="step" order="1" repeats="true"/>
            <event displayName="Keyboard" enabled="true" id="2" name="event-key-press-release" order="2" repeats="true"/>
            <event displayName="SwitchScene" enabled="true" id="3" name="event-custom" order="3" repeats="true"/>
        </events>
    </snippet>
    <snippet attachedevent="true" class="scripts.SceneEvents_2" classname="scripts.SceneEvents_2" desc="Scene Specific Events" description="Scene Specific Events" design="true" drawOrder="0" id="18" name="SceneEvents_2" oid="-1" package="scripts." sceneid="2" shared="false" type="scene">
        <blocks/>
        <events/>
    </snippet>
    <snippet actorid="13" attachedevent="true" class="scripts.ActorEvents_13" classname="scripts.ActorEvents_13" desc="Actor Specific Events" description="Actor Specific Events" design="true" drawOrder="0" id="19" name="ActorEvents_13" oid="-1" package="scripts." shared="false" type="actor">
        <blocks/>
        <events>
            <event displayName="Every N secs" enabled="true" id="1" name="event-periodic" order="1" repeats="true"/>
        </events>
    </snippet>
    <snippet actorid="15" attachedevent="true" class="scripts.ActorEvents_15" classname="scripts.ActorEvents_15" desc="Actor Specific Events" description="Actor Specific Events" design="true" drawOrder="0" id="20" name="ActorEvents_15" oid="-1" package="scripts." shared="false" type="actor">
        <blocks/>
        <events/>
    </snippet>
    <snippet attachedevent="false" class="scripts.Design_21_21_FireBullet" classname="scripts.Design_21_21_FireBullet" desc="Spawn bullets from the actor's position." description="Spawn bullets from the actor's position." design="true" drawOrder="0" id="21" name="Fire Bullet" oid="-1" package="scripts" shared="false" type="actor">
        <text default="" defaultValue="" desc="How to determine the direction of the bullets:&lt;br/&gt;&#10;&lt;br/&gt;&#10;&lt;em&gt;Relative&lt;/em&gt; - Treat &lt;em&gt;Direction&lt;/em&gt; relative to the actor's orientation.&lt;br/&gt;&#10;&lt;em&gt;Absolute&lt;/em&gt; - Treat &lt;em&gt;Direction &lt;/em&gt; as absolute.&lt;br/&gt;&#10;&lt;em&gt;Based on Animations&lt;/em&gt; - Determine the direction based on the current animation." dropdown="Relative=Relative&#10;Absolute=Absolute&#10;Based on Animations=Based on Animations" fullname="Direction Mode" hidden="false" id="32" name="_DirectionMode" order="10"/>
        <actor default="thisactor" defaultValue="thisactor" desc="" dropdown="" fullname="Actor" hidden="true" id="2147483647" name="actor" order="0"/>
        <number default="50.0" defaultValue="50.0" desc="The speed at which the bullets will move." dropdown="" fullname="Bullet Speed" hidden="false" id="2" name="_BulletSpeed" order="9"/>
        <actortype default="" defaultValue="" desc="The bullet actor type to create." dropdown="" fullname="Bullet Type" hidden="false" id="4" name="_BulletType" order="8"/>
        <number default="0.0" defaultValue="0.0" desc="The direction in which the bullet will move.&lt;br/&gt;&#10;Only used if &lt;em&gt;Direction Mode&lt;/em&gt; is &lt;em&gt;Relative&lt;/em&gt; or &lt;em&gt;Absolute&lt;/em&gt;. If &lt;em&gt;Direction Mode&lt;/em&gt; is &lt;em&gt;Based on Animations&lt;/em&gt; the following four attributes determine the direction instead." dropdown="North=-90&#10;North East=-45&#10;East=0&#10;South East=45&#10;South=90&#10;South West=135&#10;West=180&#10;North West=-135" fullname="Direction" hidden="false" id="5" name="_Direction" order="11"/>
        <number default="0.0" defaultValue="0.0" desc="The offset in the direction of movement at which the bullets will be created." dropdown="" fullname="Offset" hidden="false" id="9" name="_Offset" order="16"/>
        <control default="" defaultValue="" desc="" dropdown="" fullname="Fire Control" hidden="false" id="13" name="_FireControl" order="7"/>
        <number default="0.0" defaultValue="0.0" desc="" dropdown="" fullname="Fire Direction" hidden="true" id="15" name="_FireDirection" order="2"/>
        <boolean default="true" defaultValue="true" desc="If selected, holding down the &lt;var&gt;Fire Control&lt;/var&gt; will fire bullets. &lt;br /&gt;&#10;&lt;br /&gt;&#10;You can also trigger the &lt;var&gt;FireBullet&lt;/var&gt; event to fire a bullet." dropdown="" fullname="Use Controls" hidden="false" id="16" name="_UseControls" order="6"/>
        <boolean default="true" defaultValue="true" desc="If selected, holding down the mouse will fire bullets." dropdown="" fullname="Use the Mouse" hidden="false" id="17" name="_UsetheMouse" order="5"/>
        <boolean default="false" defaultValue="false" desc="If selected, no more than &lt;var&gt;Maximum Bullets Alive&lt;/var&gt; can be alive at the same time." dropdown="" fullname="Limit Bullets Alive" hidden="false" id="18" name="_LimitBulletsAlive" order="18"/>
        <number default="1.0" defaultValue="1.0" desc="The maximum number of actors to be alive at the same time. Only used if &lt;var&gt;Limit Bullets Alive&lt;/var&gt; is selected." dropdown="" fullname="Maximum Bullets Alive" hidden="false" id="19" name="_MaximumBulletsAlive" order="19"/>
        <number default="0.0" defaultValue="0.0" desc="" dropdown="" fullname="Bullets Alive" hidden="true" id="20" name="_BulletsAlive" order="3"/>
        <boolean default="false" defaultValue="false" desc="" dropdown="" fullname="Fire" hidden="true" id="21" name="_Fire" order="1"/>
        <boolean default="false" defaultValue="false" desc="" dropdown="" fullname="Wait" hidden="true" id="22" name="_Wait" order="4"/>
        <number default="3.0" defaultValue="3.0" desc="The maximum number of bullets created per second." dropdown="" fullname="Rate Of Fire" hidden="false" id="23" name="_RateOfFire" order="17"/>
        <number default="5.0" defaultValue="5.0" desc="The maximum ammunition the actor can have.&lt;br /&gt;&#10;Only used if &lt;var&gt;Use Ammunition&lt;/var&gt; is selected." dropdown="" fullname="Maximum Ammunition" hidden="false" id="24" name="_MaximumAmmunition" order="21"/>
        <number default="5.0" defaultValue="5.0" desc="The current ammunition the actor has when created.&lt;br /&gt;&#10;Only used if &lt;var&gt;Use Ammunition&lt;/var&gt; is selected.&lt;br/&gt;Trigger the &lt;var&gt;Reload&lt;/var&gt; event to set the current ammunition to the maximum ammunition." dropdown="" fullname="Current Ammunition" hidden="false" id="25" name="_CurrentAmmunition" order="22"/>
        <boolean default="false" defaultValue="false" desc="If selected, the current ammunition will be reduced by one on every shot." dropdown="" fullname="Use Ammunition" hidden="false" id="26" name="_UseAmmunition" order="20"/>
        <text default="" defaultValue="" desc="Shoot up if the current animation name contains this text." dropdown="" fullname="Up Animations" hidden="false" id="28" name="_UpAnimations" order="12"/>
        <text default="" defaultValue="" desc="Shoot down if the current animation name contains this text." dropdown="" fullname="Down Animations" hidden="false" id="29" name="_DownAnimations" order="13"/>
        <text default="" defaultValue="" desc="Shoot left if the current animation name contains this text." dropdown="" fullname="Left Animations" hidden="false" id="30" name="_LeftAnimations" order="14"/>
        <text default="" defaultValue="" desc="Shoot right if the current animation name contains this text." dropdown="" fullname="Right Animations" hidden="false" id="31" name="_RightAnimations" order="15"/>
        <blocks/>
        <events>
            <event displayName="FireBullet" enabled="true" id="6" name="event-custom" order="9" repeats="true"/>
            <event displayName="Updated" enabled="true" id="9" name="step" order="6" repeats="true"/>
            <event displayName="Reload" enabled="true" id="10" name="event-custom" order="10" repeats="true"/>
        </events>
    </snippet>
    <snippet attachedevent="false" class="scripts.Design_22_22_ShootAroundtheClock" classname="scripts.Design_22_22_ShootAroundtheClock" desc="Spawn bullets in all directions from the actor's position." description="Spawn bullets in all directions from the actor's position." design="true" drawOrder="0" id="22" name="Shoot Around the Clock" oid="-1" package="scripts" shared="false" type="actor">
        <actor default="thisactor" defaultValue="thisactor" desc="" dropdown="" fullname="Actor" hidden="true" id="2147483647" name="actor" order="0"/>
        <number default="50.0" defaultValue="50.0" desc="The speed at which the bullets will move." dropdown="" fullname="Bullet Speed" hidden="false" id="2" name="_BulletSpeed" order="11"/>
        <actortype default="" defaultValue="" desc="The bullet actor type to create." dropdown="" fullname="Bullet Type" hidden="false" id="4" name="_BulletType" order="9"/>
        <number default="0.0" defaultValue="0.0" desc="The offset in the direction of movement at which the bullets will be created." dropdown="" fullname="Offset" hidden="false" id="9" name="_Offset" order="13"/>
        <control default="" defaultValue="" desc="" dropdown="" fullname="Fire Control" hidden="false" id="13" name="_FireControl" order="8"/>
        <boolean default="false" defaultValue="false" desc="If selected, the direction of movement for the bullets will be independent from the current direction of the actor." dropdown="" fullname="Absolute Direction" hidden="false" id="14" name="_AbsoluteDirection" order="12"/>
        <number default="0.0" defaultValue="0.0" desc="" dropdown="" fullname="Fire Direction" hidden="true" id="15" name="_FireDirection" order="2"/>
        <boolean default="true" defaultValue="true" desc="If selected, holding down the &lt;var&gt;Fire Control&lt;/var&gt; will fire bullets. &lt;br /&gt;&#10;&lt;br /&gt;&#10;You can also trigger the &lt;var&gt;FireBullet&lt;/var&gt; event to fire a bullet." dropdown="" fullname="Use Controls" hidden="false" id="16" name="_UseControls" order="7"/>
        <boolean default="true" defaultValue="true" desc="If selected, holding down the mouse will fire bullets." dropdown="" fullname="Use the Mouse" hidden="false" id="17" name="_UsetheMouse" order="6"/>
        <boolean default="false" defaultValue="false" desc="If selected, no more than &lt;var&gt;Maximum Bullets Alive&lt;/var&gt; can be alive at the same time." dropdown="" fullname="Limit Bullets Alive" hidden="false" id="18" name="_LimitBulletsAlive" order="15"/>
        <number default="1.0" defaultValue="1.0" desc="The maximum number of bullets to be alive at the same time. Only used if &lt;var&gt;Limit Bullets Alive&lt;/var&gt; is selected." dropdown="" fullname="Maximum Bullets Alive" hidden="false" id="19" name="_MaximumBulletsAlive" order="16"/>
        <number default="0.0" defaultValue="0.0" desc="" dropdown="" fullname="Bullets Alive" hidden="true" id="20" name="_BulletsAlive" order="3"/>
        <boolean default="false" defaultValue="false" desc="" dropdown="" fullname="Fire" hidden="true" id="21" name="_Fire" order="1"/>
        <boolean default="false" defaultValue="false" desc="" dropdown="" fullname="Wait" hidden="true" id="22" name="_Wait" order="4"/>
        <number default="3.0" defaultValue="3.0" desc="The maximum number of bullets created per second." dropdown="" fullname="Rate Of Fire" hidden="false" id="23" name="_RateOfFire" order="14"/>
        <number default="5.0" defaultValue="5.0" desc="The maximum ammunition the actor can have.&lt;br /&gt;&#10;Only used if &lt;var&gt;Use Ammunition&lt;/var&gt; is selected." dropdown="" fullname="Maximum Ammunition" hidden="false" id="24" name="_MaximumAmmunition" order="18"/>
        <number default="5.0" defaultValue="5.0" desc="The current ammunition the actor has when created.&lt;br /&gt;&#10;Only used if &lt;var&gt;Use Ammunition&lt;/var&gt; is selected.&lt;br/&gt;Trigger the &lt;var&gt;Reload&lt;/var&gt; event to set the current ammunition to the maximum ammunition." dropdown="" fullname="Current Ammunition" hidden="false" id="25" name="_CurrentAmmunition" order="19"/>
        <boolean default="false" defaultValue="false" desc="If selected, the current ammunition will be reduced by one on every shot." dropdown="" fullname="Use Ammunition" hidden="false" id="26" name="_UseAmmunition" order="17"/>
        <number default="12.0" defaultValue="12.0" desc="The number of bullets in a wave." dropdown="" fullname="Number of Bullets" hidden="false" id="27" name="_NumberofBullets" order="10"/>
        <number default="30.0" defaultValue="30.0" desc="" dropdown="" fullname="Bullet Spread" hidden="true" id="30" name="_BulletSpread" order="5"/>
        <blocks/>
        <events>
            <event displayName="FireBullet" enabled="true" id="6" name="event-custom" order="10" repeats="true"/>
            <event displayName="Updated" enabled="true" id="9" name="step" order="9" repeats="true"/>
            <event displayName="Reload" enabled="true" id="10" name="event-custom" order="11" repeats="true"/>
        </events>
    </snippet>
    <snippet attachedevent="false" class="scripts.Design_23_23_DieOnCollision" classname="scripts.Design_23_23_DieOnCollision" desc="Attach to an actor to make it die when it collides with something." description="Attach to an actor to make it die when it collides with something." design="true" drawOrder="0" id="23" name="Die On Collision" oid="-1" package="scripts" shared="false" type="actor">
        <actor default="thisactor" defaultValue="thisactor" desc="" dropdown="" fullname="Actor" hidden="true" id="2147483647" name="actor" order="0"/>
        <blocks/>
        <events>
            <event displayName="Collision" enabled="true" id="1" name="collide" order="1" repeats="true"/>
        </events>
    </snippet>
    <snippet attachedevent="true" class="scripts.SceneEvents_3" classname="scripts.SceneEvents_3" desc="Scene Specific Events" description="Scene Specific Events" design="true" drawOrder="0" id="24" name="SceneEvents_3" oid="-1" package="scripts." sceneid="3" shared="false" type="scene">
        <blocks/>
        <events/>
    </snippet>
    <snippet actorid="17" attachedevent="true" class="scripts.ActorEvents_17" classname="scripts.ActorEvents_17" desc="Actor Specific Events" description="Actor Specific Events" design="true" drawOrder="0" id="25" name="ActorEvents_17" oid="-1" package="scripts." shared="false" type="actor">
        <blocks/>
        <events>
            <event displayName="Type - Type" enabled="true" id="1" name="event-collide-typetotype" order="1" repeats="true"/>
        </events>
    </snippet>
    <snippet attachedevent="false" class="scripts.Design_26_26_ScoreManager" classname="scripts.Design_26_26_ScoreManager" desc="Attach this behavior to your scenes to track the score." description="Attach this behavior to your scenes to track the score." design="true" drawOrder="0" id="26" name="Score Manager" oid="-1" package="scripts" shared="false" type="scene">
        <font default="" defaultValue="" desc="Select the font to use when displaying the score." dropdown="" fullname="Score Font" hidden="false" id="1" name="_ScoreFont" order="2"/>
        <number default="0.0" defaultValue="0.0" desc="Horizontal offset from the top left corner of the screen to display the score." dropdown="" fullname="X Offset" hidden="false" id="2" name="_XOffset" order="3"/>
        <number default="0.0" defaultValue="0.0" desc="Vertical offset from the top left corner of the screen to display the score." dropdown="" fullname="Y Offset" hidden="false" id="3" name="_YOffset" order="4"/>
        <number default="0.0" defaultValue="0.0" desc="Minimum number of digits to display on screen.  Score will be padded on the left with zeros if the current score does not use up all digits." dropdown="" fullname="Minimum Digits" hidden="false" id="4" name="_MinimumDigits" order="5"/>
        <number default="0.0" defaultValue="0.0" desc="" dropdown="" fullname="Current Score" hidden="true" id="6" name="_CurrentScore" order="6"/>
        <text default="" defaultValue="" desc="" dropdown="" fullname="Game Attribute" hidden="true" id="7" name="_GameAttribute" order="7"/>
        <text default="" defaultValue="" desc="" dropdown="" fullname="Formatted Score" hidden="true" id="8" name="_FormattedScore" order="8"/>
        <number default="0.0" defaultValue="0.0" desc="" dropdown="" fullname="Current Length" hidden="true" id="9" name="_CurrentLength" order="9"/>
        <boolean default="false" defaultValue="false" desc="Should the score be persistent? (e.g. the same between scenes)." dropdown="" fullname="Persistent?" hidden="false" id="10" name="_Persistent" order="0"/>
        <blocks>
            <receiver blockID="24" id="1"/>
            <receiver blockID="23" id="2"/>
            <receiver blockID="26" id="3"/>
            <receiver blockID="503" id="4"/>
            <receiver blockID="19" id="5"/>
            <receiver blockID="22" id="6"/>
            <receiver blockID="21" id="7"/>
            <receiver blockID="27" id="8"/>
            <receiver blockID="20" id="9"/>
            <receiver blockID="25" id="10"/>
        </blocks>
        <events>
            <event displayName="Created" enabled="true" id="1" name="init" order="1" repeats="true"/>
            <event displayName="Drawing" enabled="true" id="3" name="draw" order="3" repeats="true"/>
            <event displayName="IncrementScore" enabled="true" id="4" name="receiver-1-7" order="7" repeats="true"/>
            <event displayName="DecrementScore" enabled="true" id="5" name="receiver-2-8" order="8" repeats="true"/>
            <event displayName="SetScoreFont" enabled="true" id="7" name="receiver-3-9" order="9" repeats="true"/>
            <event displayName="SetDrawOffset" enabled="true" id="8" name="receiver-5-4" order="10" repeats="true"/>
            <event displayName="GetXOffset" enabled="true" id="9" name="receiver-6-5" order="12" repeats="true"/>
            <event displayName="GetYOffset" enabled="true" id="10" name="receiver-7-6" order="13" repeats="true"/>
            <event displayName="GetScore" enabled="true" id="12" name="receiver-8-2" order="14" repeats="true"/>
            <event displayName="SetScore" enabled="true" id="13" name="receiver-9-3" order="15" repeats="true"/>
            <event displayName="GetFont" enabled="true" id="14" name="event-custom-block" order="16" repeats="true"/>
            <event displayName="UpdateGlobalScore" enabled="true" id="15" name="event-custom" order="5" repeats="true"/>
            <event displayName="FormatScore" enabled="true" id="16" name="event-custom" order="4" repeats="true"/>
        </events>
    </snippet>
    <snippet attachedevent="true" class="scripts.SceneEvents_4" classname="scripts.SceneEvents_4" desc="Scene Specific Events" description="Scene Specific Events" design="true" drawOrder="0" id="27" name="SceneEvents_4" oid="-1" package="scripts." sceneid="4" shared="false" type="scene">
        <blocks/>
        <events>
            <event displayName="Actor Created" enabled="true" id="1" name="event-actor-create-kill" order="1" repeats="true"/>
        </events>
    </snippet>
    <snippet actorid="28" attachedevent="true" class="scripts.ActorEvents_28" classname="scripts.ActorEvents_28" desc="Actor Specific Events" description="Actor Specific Events" design="true" drawOrder="0" id="28" name="ActorEvents_28" oid="-1" package="scripts." shared="false" type="actor">
        <blocks/>
        <events>
            <event displayName="Every N secs" enabled="true" id="1" name="event-periodic" order="1" repeats="true"/>
            <event displayName="Type - Type" enabled="true" id="2" name="event-collide-typetotype" order="2" repeats="true"/>
        </events>
    </snippet>
    <snippet attachedevent="false" class="scripts.Design_29_29_FollowPath" classname="scripts.Design_29_29_FollowPath" desc="Make the actor follow a given path." description="Make the actor follow a given path." design="true" drawOrder="0" id="29" name="Follow Path" oid="-1" package="scripts" shared="false" type="actor">
        <actor default="thisactor" defaultValue="thisactor" desc="" dropdown="" fullname="Actor" hidden="true" id="2147483647" name="actor" order="0"/>
        <list default="list" defaultValue="list" desc="The list of coordinates for the nodes of the path. &lt;br /&gt;&lt;br /&gt;&#10;Each entry must be of type Text and must be one of the following formats:&lt;br /&gt;&#10;&lt;pre&gt;  &lt;var&gt;X,Y&lt;/var&gt;&lt;br /&gt;&lt;/pre&gt;&#10;or&lt;br /&gt;&#10;&lt;pre&gt;  &lt;var&gt;X,Y,Speed&lt;/var&gt;&lt;br /&gt;&lt;/pre&gt;&#10;&lt;var&gt;X&lt;/var&gt; and &lt;var&gt;Y&lt;/var&gt; are the scene coordinates of the node.&lt;br /&gt;&#10;&lt;var&gt;Speed&lt;/var&gt; is optional and is the speed to reach this node. If no &lt;var&gt;Speed&lt;/var&gt; is specified the &lt;var&gt;Default Speed&lt;/var&gt; will be used.&lt;br /&gt;&#10;You can use the custom blocks that come with this behavior to add nodes or clear the path.&#10;" dropdown="" fullname="Coordinates" hidden="false" id="1" name="_Coordinates" order="20"/>
        <number default="0.0" defaultValue="0.0" desc="" dropdown="" fullname="X" hidden="true" id="2" name="_X" order="1"/>
        <number default="0.0" defaultValue="0.0" desc="" dropdown="" fullname="Y" hidden="true" id="3" name="_Y" order="2"/>
        <list default="list" defaultValue="list" desc="" dropdown="" fullname="XY" hidden="true" id="4" name="_XY" order="5"/>
        <number default="0.0" defaultValue="0.0" desc="" dropdown="" fullname="Previous X" hidden="true" id="5" name="_PreviousX" order="3"/>
        <number default="0.0" defaultValue="0.0" desc="" dropdown="" fullname="Previous Y" hidden="true" id="6" name="_PreviousY" order="4"/>
        <boolean default="false" defaultValue="false" desc="" dropdown="" fullname="First" hidden="true" id="7" name="_First" order="6"/>
        <boolean default="true" defaultValue="true" desc="If selected, the actor will continue to move to the first node after reaching the last node.&lt;br /&gt;&#10;If unselected, the actor will stop after reaching the last node." dropdown="" fullname="Loop" hidden="false" id="8" name="_Loop" order="22"/>
        <number default="0.0" defaultValue="0.0" desc="" dropdown="" fullname="First X" hidden="true" id="9" name="_FirstX" order="7"/>
        <number default="0.0" defaultValue="0.0" desc="" dropdown="" fullname="First Y" hidden="true" id="10" name="_FirstY" order="8"/>
        <number default="0.0" defaultValue="0.0" desc="" dropdown="" fullname="Distance X" hidden="true" id="12" name="_DistanceX" order="9"/>
        <number default="0.0" defaultValue="0.0" desc="" dropdown="" fullname="Distance Y" hidden="true" id="13" name="_DistanceY" order="10"/>
        <number default="0.0" defaultValue="0.0" desc="" dropdown="" fullname="Distance" hidden="true" id="14" name="_Distance" order="11"/>
        <number default="0.0" defaultValue="0.0" desc="" dropdown="" fullname="Direction" hidden="true" id="15" name="_Direction" order="12"/>
        <number default="10.0" defaultValue="10.0" desc="The default speed to reach any node." dropdown="" fullname="Default Speed" hidden="false" id="17" name="_DefaultSpeed" order="21"/>
        <number default="0.0" defaultValue="0.0" desc="" dropdown="" fullname="Current Node" hidden="true" id="18" name="_CurrentNode" order="13"/>
        <number default="0.0" defaultValue="0.0" desc="" dropdown="" fullname="Current Speed" hidden="true" id="19" name="_CurrentSpeed" order="14"/>
        <boolean default="true" defaultValue="true" desc="If selected and the actor's position is different from the first node of the path, the actor will jump immediately to the first node.&lt;br /&gt;&#10;If unselected, the actor will instead move at the given speed to the first node." dropdown="" fullname="Jump to Start" hidden="false" id="23" name="_JumptoStart" order="23"/>
        <blocks>
            <receiver blockID="15" id="1"/>
            <receiver blockID="15" id="2"/>
            <receiver blockID="16" id="3"/>
            <receiver blockID="17" id="4"/>
            <receiver blockID="31" id="5"/>
            <receiver blockID="30" id="6"/>
            <receiver blockID="32" id="7"/>
        </blocks>
        <events>
            <event displayName="Custom Block" enabled="true" id="16" name="event-custom-block" order="3" repeats="true"/>
            <event displayName="Custom Block" enabled="true" id="17" name="event-custom-block" order="16" repeats="true"/>
            <event displayName="Drawing" enabled="true" id="1" name="draw" order="18" repeats="true"/>
            <event displayName="Updated" enabled="true" id="2" name="step" order="2" repeats="true"/>
            <event displayName="Custom Block" enabled="true" id="18" name="event-custom-block" order="17" repeats="true"/>
            <event displayName="Created" enabled="true" id="3" name="init" order="1" repeats="true"/>
        </events>
    </snippet>
    <snippet actorid="33" attachedevent="true" class="scripts.ActorEvents_33" classname="scripts.ActorEvents_33" desc="Actor Specific Events" description="Actor Specific Events" design="true" drawOrder="0" id="30" name="ActorEvents_33" oid="-1" package="scripts." shared="false" type="actor">
        <blocks/>
        <events>
            <event displayName="Every N secs" enabled="true" id="1" name="event-periodic" order="1" repeats="true"/>
        </events>
    </snippet>
    <snippet attachedevent="false" class="scripts.Design_31_31_HealthManager" classname="scripts.Design_31_31_HealthManager" desc="The Health Manager will track the Actor's current health, as well as provide blocks for healing and damaging the Actor.  It can also send messages to other behaviors to allow for a wide range of functionality." description="The Health Manager will track the Actor's current health, as well as provide blocks for healing and damaging the Actor.  It can also send messages to other behaviors to allow for a wide range of functionality." design="true" drawOrder="0" id="31" name="Health Manager" oid="-1" package="scripts" shared="false" type="actor">
        <actor default="thisactor" defaultValue="thisactor" desc="" dropdown="" fullname="Actor" hidden="true" id="2147483647" name="actor" order="0"/>
        <number default="3.0" defaultValue="3.0" desc="Amount of health to start with." dropdown="" fullname="Starting Health" hidden="false" id="1" name="_StartingHealth" order="2"/>
        <number default="3.0" defaultValue="3.0" desc="Maximum amount of health." dropdown="" fullname="Maximum Health" hidden="false" id="2" name="_MaximumHealth" order="3"/>
        <number default="3.0" defaultValue="3.0" desc="HIDDEN - Tracks the current amount of health." dropdown="" fullname="Current Health" hidden="true" id="3" name="_CurrentHealth" order="1"/>
        <text default="Healed" defaultValue="Healed" desc="Send this message to all behaviors when the Actor is healed by any amount.  Remove value to prevent a message from being sent." dropdown="" fullname="Healed Message" hidden="false" id="4" name="_HealedMessage" order="9"/>
        <text default="Damaged" defaultValue="Damaged" desc="Send this message to all behaviors when the Actor is damaged by any amount.  Remove the value to prevent a message from being sent." dropdown="" fullname="Damaged Message" hidden="false" id="5" name="_DamagedMessage" order="10"/>
        <text default="" defaultValue="" desc="What should we do when the health reaches zero?&lt;br&gt;&#10;1. Kill Actor&lt;br&gt;&#10;2. Do Nothing&lt;br&gt;" dropdown="Kill Actor=Kill&#10;Do Nothing=Nothing" fullname="Zero Health Action" hidden="false" id="7" name="_ZeroHealthAction" order="8"/>
        <boolean default="false" defaultValue="false" desc="" dropdown="" fullname="Invincible?" hidden="true" id="8" name="_Invincible" order="11"/>
        <number default="0.5" defaultValue="0.5" desc="How long should the Actor become temporarily invincible after being damaged?" dropdown="" fullname="Delay Between Damage" hidden="false" id="9" name="_DelayBetweenDamage" order="7"/>
        <boolean default="true" defaultValue="true" desc="" dropdown="" fullname="Can Be Damaged?" hidden="true" id="10" name="_CanBeDamaged" order="12"/>
        <boolean default="false" defaultValue="false" desc="Check this box if the Actor's health should persist (stay the same) from scene to scene.  " dropdown="" fullname="Persistent Health?" hidden="false" id="11" name="_PersistentHealth" order="4"/>
        <game-attribute default="" defaultValue="" desc="&lt;b&gt;Note:&lt;/b&gt; This option is only used if the &lt;b&gt;Persistent Health?&lt;/b&gt; box is checked.&#10;&lt;br&gt;&lt;br&gt;&#10;Select a &lt;font color=&quot;WHITE&quot;&gt;Game Attribute&lt;/font&gt; to track the health for this Actor.  Make sure the Attribute starts with a value of 0 (zero).  Do not use the same attribute for more than one Actor." dropdown="" fullname="Health Game Attribute" hidden="true" id="12" name="_HealthGameAttribute" order="6"/>
        <text default="" defaultValue="" desc="INTERNAL ATTRIBUTE: The name of the game attribute created within the behaviour." dropdown="" fullname="Health Identifier" hidden="true" id="13" name="_HealthIdentifier" order="5"/>
        <sound default="" defaultValue="" desc="Play this sound when the Actor is damaged." dropdown="" fullname="Damage Sound" hidden="false" id="14" name="_DamageSound" order="13"/>
        <sound default="" defaultValue="" desc="Play this sound when the Actor is killed." dropdown="" fullname="Death Sound" hidden="false" id="15" name="_DeathSound" order="14"/>
        <sound default="" defaultValue="" desc="Play this sound when the Actor is healed." dropdown="" fullname="Heal Sound" hidden="false" id="16" name="_HealSound" order="15"/>
        <boolean default="false" defaultValue="false" desc="" dropdown="" fullname="Spawned?" hidden="true" id="17" name="_Spawned" order="22"/>
        <number default="0.0" defaultValue="0.0" desc="Horizontal offset of the newly spawned actor from the original Actor." dropdown="" fullname="X Offset" hidden="false" id="18" name="xOffset" order="18"/>
        <number default="0.0" defaultValue="0.0" desc="Vertical offset of the newly spawned actor from the original Actor." dropdown="" fullname="Y Offset" hidden="false" id="19" name="yOffset" order="19"/>
        <actor default="" defaultValue="" desc="" dropdown="" fullname="Spawned Actor" hidden="true" id="20" name="_SpawnedActor" order="23"/>
        <number default="0.0" defaultValue="0.0" desc="How long should the actor stay alive before disappearing?  Leave at 0 to prevent the Actor from being removed." dropdown="" fullname="Lifespan" hidden="false" id="22" name="lifespan" order="21"/>
        <boolean default="false" defaultValue="false" desc="Should the actor spawn another actor on death? Useful for death effects such as explosions." dropdown="" fullname="Spawn Actor On Death" hidden="false" id="23" name="_SpawnActorOnDeath" order="16"/>
        <actortype default="" defaultValue="" desc="The actor type to spawn." dropdown="" fullname="Actor Type To Spawn" hidden="false" id="24" name="_ActorTypeToSpawn" order="17"/>
        <number default="0.0" defaultValue="0.0" desc="" dropdown="" fullname="Percent Left" hidden="true" id="25" name="_PercentLeft" order="38"/>
        <text default="" defaultValue="" desc="Actor space (relative to upper left coordinate of Actor), or Screen Space (where 0,0 is upper left of screen)?" dropdown="Actor Space=Actor&#10;Screen Space=Screen" fullname="Drawing Location" hidden="false" id="26" name="_DrawingLocation" order="25"/>
        <number default="0.0" defaultValue="0.0" desc="Horizontal offset in pixels" dropdown="" fullname="Health Bar X Offset" hidden="false" id="27" name="_HealthBarXOffset" order="29"/>
        <number default="1.0" defaultValue="1.0" desc="How many pixels should the outline be?  Set to 0 to prevent an outline from drawing." dropdown="" fullname="Health Bar Outline Size" hidden="false" id="28" name="_HealthBarOutlineSize" order="31"/>
        <number default="0.0" defaultValue="0.0" desc="Vertical offset in pixels" dropdown="" fullname="Health Bar Y Offset" hidden="false" id="29" name="_HealthBarYOffset" order="30"/>
        <number default="100.0" defaultValue="100.0" desc="In pixels" dropdown="" fullname="Health Bar Width" hidden="false" id="30" name="_HealthBarWidth" order="27"/>
        <number default="5.0" defaultValue="5.0" desc="In pixels" dropdown="" fullname="Health Bar Height" hidden="false" id="31" name="_HealthBarHeight" order="28"/>
        <text default="" defaultValue="" desc="Horizontal or Vertical?" dropdown="Horizontal=Horizontal&#10;Vertical=Vertical" fullname="Health Bar Orientation" hidden="false" id="32" name="_HealthBarOrientation" order="26"/>
        <color default="" defaultValue="" desc="Enter an outline colour that will display around the background of the health bar" dropdown="" fullname="Health Bar Outline Colour" hidden="false" id="39" name="_HealthBarOutlineColour" order="32"/>
        <color default="0,255,0,255" defaultValue="0,255,0,255" desc="Colour of the health bar when the health is over 75%." dropdown="" fullname="Colour Over 75%" hidden="false" id="41" name="_ColourOver75" order="34"/>
        <color default="255,255,0,255" defaultValue="255,255,0,255" desc="Colour of the health bar when the health is over 50%." dropdown="" fullname="Colour Over 50%" hidden="false" id="42" name="_ColourOver50" order="35"/>
        <color default="255,153,0,255" defaultValue="255,153,0,255" desc="Colour of the health bar when the health is over 25%." dropdown="" fullname="Colour Over 25%" hidden="false" id="43" name="_ColourOver25" order="36"/>
        <color default="255,0,0,255" defaultValue="255,0,0,255" desc="Colour of the health bar when the health is under 25%." dropdown="" fullname="Colour Under 25%" hidden="false" id="44" name="_ColourUnder25" order="37"/>
        <color default="" defaultValue="" desc="Background colour of the health bar." dropdown="" fullname="Health Bar Background Colour" hidden="false" id="45" name="_HealthBarBackgroundColour" order="33"/>
        <boolean default="true" defaultValue="true" desc="Whether a health bar should be drawn or not." dropdown="" fullname="Draw Health Bar" hidden="false" id="46" name="_DrawHealthBar" order="24"/>
        <blocks>
            <receiver blockID="38" id="1"/>
            <receiver blockID="39" id="2"/>
            <receiver blockID="37" id="3"/>
            <receiver blockID="42" id="4"/>
            <receiver blockID="41" id="5"/>
            <receiver blockID="35" id="6"/>
            <receiver blockID="36" id="7"/>
            <receiver blockID="40" id="8"/>
        </blocks>
        <events>
            <event displayName="Created" enabled="true" id="1" name="init" order="1" repeats="true"/>
            <event displayName="Heal" enabled="true" id="5" name="receiver-1-18" order="6" repeats="true"/>
            <event displayName="Damage" enabled="true" id="6" name="receiver-2-20" order="4" repeats="true"/>
            <event displayName="FullRestore" enabled="true" id="7" name="receiver-3-19" order="7" repeats="true"/>
            <event displayName="GetCurrentHealth" enabled="true" id="8" name="receiver-4-15" order="8" repeats="true"/>
            <event displayName="GetMaxHealth" enabled="true" id="9" name="receiver-5-14" order="9" repeats="true"/>
            <event displayName="SetInvincibility" enabled="true" id="10" name="receiver-6-17" order="10" repeats="true"/>
            <event displayName="SetHealth" enabled="true" id="11" name="receiver-7-16" order="11" repeats="true"/>
            <event displayName="GetInvincibility" enabled="true" id="12" name="receiver-8-13" order="12" repeats="true"/>
            <event displayName="UpdateGlobalHealth" enabled="true" id="13" name="receive-message" order="13" repeats="true"/>
            <event displayName="Updated" enabled="true" id="15" name="step" order="2" repeats="true"/>
            <event displayName="Drawing" enabled="true" id="16" name="draw" order="3" repeats="true"/>
            <event displayName="Death" enabled="true" id="18" name="event-custom" order="15" repeats="true"/>
        </events>
    </snippet>
    <snippet attachedevent="false" class="scripts.Design_33_33_IntroTitle" classname="scripts.Design_33_33_IntroTitle" desc="Shows an intro title, which slides away after the specified time." description="Shows an intro title, which slides away after the specified time." design="true" drawOrder="0" id="33" name="Intro Title" oid="-1" package="scripts" shared="false" type="scene">
        <boolean default="false" defaultValue="false" desc="INTERNAL ATTRIBUTE. Whether or not the slide-off has started." dropdown="" fullname="Started" hidden="true" id="5" name="_Started" order="0"/>
        <font default="" defaultValue="" desc="The font to use when drawing the intro title. Specify from the list of fonts you have created in Stencyl." dropdown="" fullname="Font To Use" hidden="false" id="6" name="_FontToUse" order="7"/>
        <number default="1.0" defaultValue="1.0" desc="The amount of time, in seconds, before that the intro title should wait before beginning its exit of the screen." dropdown="" fullname="Time Before Retreat" hidden="false" id="7" name="_TimeBeforeRetreat" order="5"/>
        <number default="0.0" defaultValue="0.0" desc="The y-position, in screen coordinates, of the centre of the Intro Title." dropdown="" fullname="Y Centre Position" hidden="false" id="8" name="_YCentrePosition" order="4"/>
        <text default="" defaultValue="" desc="Show this text in the Intro Title. Leave blank to use the scene's name." dropdown="" fullname="Alternative Text" hidden="false" id="10" name="_AlternativeText" order="6"/>
        <number default="-5.0" defaultValue="-5.0" desc="The initial speed to slide off the screen at." dropdown="" fullname="Slide Speed" hidden="false" id="11" name="_SlideSpeed" order="1"/>
        <boolean default="false" defaultValue="false" desc="Should a rounded rectangle be drawn behind the text?" dropdown="" fullname="Draw Rounded Rectangle?" hidden="false" id="12" name="_DrawRectangle" order="9"/>
        <number default="0.0" defaultValue="0.0" desc="The x-position, in screen coordinates, of the centre of the Intro Title." dropdown="" fullname="X Centre Position" hidden="false" id="13" name="_XCentrePosition" order="3"/>
        <color default="204,255,255,255" defaultValue="204,255,255,255" desc="The fill colour for the rounded rectangle behind the text, if one is drawn." dropdown="" fullname="Fill Colour" hidden="false" id="14" name="_FillColour" order="10"/>
        <color default="153,204,255,255" defaultValue="153,204,255,255" desc="The stroke colour for the rounded rectangle behind the text, if one is drawn. (Stroke is the outline)." dropdown="" fullname="Stroke Colour" hidden="false" id="15" name="_StrokeColour" order="11"/>
        <number default="1.0" defaultValue="1.0" desc="The thickness, in pixels, of the stroke around the outside of the rounded rectangle behind the text, if one is drawn." dropdown="" fullname="Stroke Thickness" hidden="false" id="16" name="_StrokeThickness" order="12"/>
        <number default="4.0" defaultValue="4.0" desc="Padding around the text, in pixels, for the rounded rectangle behind the text, if one is drawn." dropdown="" fullname="Padding" hidden="false" id="17" name="_Padding" order="13"/>
        <number default="2.0" defaultValue="2.0" desc="The amount the rounded rectangle is rounded, if one is drawn. (Use 0 for right-angled corners)." dropdown="" fullname="Rounding" hidden="false" id="18" name="_Rounding" order="14"/>
        <text default="" defaultValue="" desc="The direction the Intro Title slides away to." dropdown="Up=Up&#10;Down=Down&#10;Left=Left&#10;Right=Right" fullname="Slide Direction" hidden="false" id="19" name="_SlideDirection" order="8"/>
        <number default="0.5" defaultValue="0.5" desc="The slide speed is incremented by this value every update." dropdown="" fullname="Slide Speed Change" hidden="false" id="20" name="_SlideSpeedChange" order="2"/>
        <blocks>
            <receiver blockID="113" id="1"/>
            <receiver blockID="15" id="2"/>
            <receiver blockID="16" id="3"/>
            <receiver blockID="18" id="4"/>
            <receiver blockID="111" id="5"/>
            <receiver blockID="112" id="6"/>
        </blocks>
        <events>
            <event displayName="Created" enabled="true" id="1" name="init" order="1" repeats="true"/>
            <event displayName="Updated" enabled="true" id="2" name="step" order="2" repeats="true"/>
            <event displayName="Drawing" enabled="true" id="3" name="draw" order="3" repeats="true"/>
        </events>
    </snippet>
</pack>
