<?xml version="1.0" encoding="UTF-8" standalone="no"?>
<scene depth="1" desc="" eventsnippetid="23" extheight="544" extwidth="704" extx="-32" exty="-32" format="3.2.0" gravx="-0.0" gravy="85.0" height="480" id="2" name="level 2" revision="" savecount="0" tiled="1" tileh="32" tilew="32" type="standard" width="640">
    <layers>
        <color-bg blue="255" green="255" red="255"/>
        <layer blendMode="normal" color="100,168,234" id="0" locked="false" name="Layer 0" opacity="100" order="0" scrollFactorX="1.0" scrollFactorY="1.0" visible="true"/>
    </layers>
    <joints/>
    <regions>
        <region b="64" g="64" h="65" id="0" name="Region 0" pts="4,26.0,0.0,26.0,65.0,0.0,65.0,0.0,0.0" r="64" type="box" w="26" x="610" y="377"/>
    </regions>
    <terrainRegions/>
    <actors>
        <actor a="0.0" aid="1" c="false" group="0" id="3" name="tux 1" sx="2.75" sy="2.9375" x="80" y="19" z="0"/>
        <actor a="0.0" aid="2" c="false" group="3" id="13" name="enemy 3 2" sx="1.0" sy="1.0" x="174" y="226" z="0"/>
        <actor a="0.0" aid="4" c="false" group="3" id="9" name="enemy2 4" sx="1.0" sy="1.0" x="285" y="160" z="0"/>
        <actor a="0.0" aid="12" c="false" group="3" id="9" name="enemy2 12" sx="1.0" sy="1.0" x="384" y="410" z="0"/>
        <actor a="0.0" aid="13" c="false" group="3" id="9" name="enemy2 13" sx="1.0" sy="1.0" x="418" y="411" z="0"/>
        <actor a="0.0" aid="14" c="false" group="3" id="9" name="enemy2 14" sx="1.0" sy="1.0" x="451" y="410" z="0"/>
        <actor a="0.0" aid="15" c="false" group="3" id="9" name="enemy2 15" sx="1.0" sy="1.0" x="483" y="409" z="0"/>
        <actor a="0.0" aid="16" c="false" group="3" id="9" name="enemy2 16" sx="1.0" sy="1.0" x="512" y="409" z="0"/>
        <actor a="0.0" aid="17" c="false" group="3" id="9" name="enemy2 17" sx="1.0" sy="1.0" x="546" y="410" z="0"/>
        <actor a="0.0" aid="18" c="false" group="3" id="9" name="enemy2 18" sx="1.0" sy="1.0" x="575" y="409" z="0"/>
        <actor a="0.0" aid="19" c="false" group="3" id="11" name="bomb 19" sx="1.0" sy="1.0" x="35" y="194" z="0"/>
        <actor a="0.0" aid="20" c="false" group="3" id="11" name="bomb 20" sx="1.0" sy="1.0" x="34" y="162" z="0"/>
        <actor a="0.0" aid="21" c="false" group="3" id="7" name="enemy1 21" sx="1.0" sy="1.0" x="573" y="218" z="0"/>
        <actor a="0.0" aid="22" c="false" group="3" id="7" name="enemy1 22" sx="1.0" sy="1.0" x="335" y="414" z="0"/>
        <actor a="0.0" aid="23" c="false" group="3" id="11" name="bomb 23" sx="1.0" sy="1.0" x="36" y="415" z="0"/>
        <actor a="0.0" aid="24" c="false" group="3" id="11" name="bomb 24" sx="1.0" sy="1.0" x="33" y="388" z="0"/>
        <actor a="0.0" aid="25" c="false" group="3" id="11" name="bomb 25" sx="1.0" sy="1.0" x="64" y="383" z="0"/>
        <actor a="0.0" aid="26" c="false" group="3" id="11" name="bomb 26" sx="1.0" sy="1.0" x="64" y="414" z="0"/>
        <actor a="0.0" aid="27" c="false" group="3" id="11" name="bomb 27" sx="1.0" sy="1.0" x="92" y="412" z="0"/>
        <actor a="0.0" aid="28" c="false" group="3" id="11" name="bomb 28" sx="1.0" sy="1.0" x="92" y="384" z="0"/>
        <actor a="0.0" aid="29" c="false" group="3" id="11" name="bomb 29" sx="1.0" sy="1.0" x="51" y="176" z="0"/>
        <actor a="0.0" aid="30" c="false" group="3" id="7" name="enemy1 30" sx="1.0" sy="1.0" x="299" y="415" z="0"/>
        <actor a="0.0" aid="31" c="false" group="3" id="7" name="enemy1 31" sx="1.0" sy="1.0" x="262" y="414" z="0"/>
    </actors>
    <snippets>
        <s enabled="true" id="22">
            <prop id="1" list="0" val="0"/>
            <prop id="2" list="0" val="1"/>
            <prop id="4" list="0" val="1"/>
            <prop id="7" list="0" val="false"/>
            <prop id="8" list="0" val="false"/>
            <prop id="9" list="0" val="No Control"/>
            <prop id="10" list="0" val="0.5"/>
            <prop id="11" list="0" val="0.5"/>
            <prop id="12" list="0" val="Fade"/>
        </s>
    </snippets>
    <terrain>
        <p pts="4,64.0,0.0,64.0,32.0,0.0,32.0,0.0,0.0" x="160.0" y="256.0"/>
        <p pts="10,352.0,256.0,480.0,256.0,480.0,32.0,32.0,32.0,0.0,0.0,512.0,0.0,512.0,352.0,480.0,352.0,480.0,288.0,320.0,288.0" x="128.0" y="0.0"/>
        <p pts="11,640.0,448.0,640.0,480.0,0.0,480.0,0.0,0.0,64.0,0.0,32.0,32.0,32.0,224.0,160.0,224.0,160.0,256.0,32.0,256.0,32.0,448.0" x="0.0" y="0.0"/>
        <p pts="3,32.0,32.0,0.0,32.0,32.0,0.0" x="384.0" y="320.0"/>
        <p pts="3,32.0,32.0,0.0,32.0,32.0,0.0" x="416.0" y="288.0"/>
        <p pts="14,64.0,96.0,64.0,64.0,96.0,64.0,160.0,0.0,320.0,0.0,320.0,32.0,160.0,32.0,160.0,64.0,128.0,64.0,128.0,96.0,96.0,96.0,96.0,128.0,0.0,128.0,0.0,96.0" x="224.0" y="128.0"/>
    </terrain>
    <atlases members="0,1,2,3," retainAtlases="false"/>
</scene>
