<?xml version="1.0" encoding="UTF-8" standalone="no"?>
<scene depth="1" desc="" eventsnippetid="26" extheight="544" extwidth="704" extx="-32" exty="-32" format="3.2.0" gravx="-0.0" gravy="85.0" height="480" id="3" name="level 3" revision="" savecount="0" tiled="1" tileh="32" tilew="32" type="standard" width="640">
    <layers>
        <color-bg blue="255" green="255" red="255"/>
        <layer blendMode="normal" color="100,168,234" id="0" locked="false" name="Layer 0" opacity="100" order="0" scrollFactorX="1.0" scrollFactorY="1.0" visible="true"/>
    </layers>
    <joints/>
    <regions/>
    <terrainRegions/>
    <actors>
        <actor a="0.0" aid="1" c="false" group="3" id="13" name="enemy 3 1" sx="1.0" sy="1.0" x="100" y="110" z="0"/>
        <actor a="0.0" aid="2" c="false" group="3" id="13" name="enemy 3 2" sx="1.0" sy="1.0" x="130" y="110" z="0"/>
        <actor a="0.0" aid="3" c="false" group="3" id="7" name="enemy1 3" sx="1.0" sy="1.0" x="504" y="95" z="0"/>
        <actor a="0.0" aid="4" c="false" group="3" id="7" name="enemy1 4" sx="1.0" sy="1.0" x="267" y="96" z="0"/>
        <actor a="0.0" aid="5" c="false" group="3" id="11" name="bomb 5" sx="1.0" sy="1.0" x="231" y="60" z="0"/>
        <actor a="0.0" aid="6" c="false" group="0" id="3" name="tux 6" sx="2.3125" sy="2.5625" x="14" y="44" z="0"/>
    </actors>
    <snippets/>
    <terrain>
        <p pts="4,0.0,32.0,0.0,0.0,64.0,0.0,64.0,32.0" x="96.0" y="128.0"/>
        <p pts="4,96.0,0.0,96.0,32.0,0.0,32.0,0.0,0.0" x="160.0" y="96.0"/>
        <p pts="4,0.0,32.0,0.0,0.0,96.0,0.0,96.0,32.0" x="0.0" y="96.0"/>
        <p pts="6,288.0,32.0,288.0,0.0,320.0,0.0,320.0,64.0,0.0,64.0,0.0,32.0" x="256.0" y="96.0"/>
    </terrain>
    <atlases members="0,1,2,3," retainAtlases="false"/>
</scene>
