<?xml version="1.0" encoding="UTF-8" standalone="no"?>
<pack>
    <snippet attachedevent="true" class="scripts.ActorEvents_3" classname="scripts.ActorEvents_3" desc="Actor Specific Events" description="Actor Specific Events" design="true" drawOrder="0" id="0" language="" name="ActorEvents_3" oid="-1" package="scripts." scenespecific="false" shared="false" type="actor">
        <blocks/>
        <events/>
    </snippet>
    <snippet attachedevent="true" class="scripts.SceneEvents_0" classname="scripts.SceneEvents_0" desc="Scene Specific Events" description="Scene Specific Events" design="true" drawOrder="0" id="1" language="" name="SceneEvents_0" oid="-1" package="scripts." sceneid="0" scenespecific="true" shared="false" type="scene">
        <blocks/>
        <events/>
    </snippet>
    <snippet attachedevent="false" class="scripts.Design_2_2_JumpandRunMovement" classname="scripts.Design_2_2_JumpandRunMovement" desc="Allows the actor to run and jump while on the ground." description="Allows the actor to run and jump while on the ground." design="true" drawOrder="0" id="2" language="" name="Jump and Run Movement" oid="-1" package="scripts" scenespecific="false" shared="false" type="actor">
        <actor default="thisactor" defaultValue="thisactor" desc="" dropdown="" fullname="Actor" hidden="true" id="2147483647" name="actor" order="0"/>
        <control default="" defaultValue="" desc="" dropdown="" fullname="Left Control" hidden="false" id="33" name="_LeftControl" order="9"/>
        <control default="" defaultValue="" desc="" dropdown="" fullname="Right Control" hidden="false" id="34" name="_RightControl" order="10"/>
        <number default="0.0" defaultValue="0.0" desc="" dropdown="" fullname="Move" hidden="true" id="37" name="_Move" order="1"/>
        <boolean default="true" defaultValue="true" desc="If selected, the control attributes will be used to control the movement.&lt;br /&gt;&#10;If unselected, the control attributes are ignored and the movement can be controlled by triggering custom events. &#10;Trigger the events &lt;var&gt;MoveLeft&lt;/var&gt;, &lt;var&gt;MoveRight&lt;/var&gt;, or &lt;var&gt;Jump&lt;/var&gt; to make the actor move as if the keys were pressed." dropdown="" fullname="Use Controls" hidden="false" id="38" name="_UseControls" order="8"/>
        <control default="" defaultValue="" desc="" dropdown="" fullname="Jump Control" hidden="false" id="41" name="_JumpControl" order="11"/>
        <boolean default="false" defaultValue="false" desc="" dropdown="" fullname="Jump" hidden="true" id="42" name="_Jump" order="2"/>
        <boolean default="false" defaultValue="false" desc="" dropdown="" fullname="On Ground" hidden="true" id="43" name="_OnGround" order="5"/>
        <number default="15.0" defaultValue="15.0" desc="The maximum speed at which the actor can run." dropdown="" fullname="Maximum Running Speed" hidden="false" id="11" name="_MaximumRunningSpeed" order="13"/>
        <number default="25.0" defaultValue="25.0" desc="The force used for jumping." dropdown="" fullname="Jumping Force" hidden="false" id="45" name="_JumpingForce" order="14"/>
        <animation default="" defaultValue="" desc="" dropdown="" fullname="Run Right Animation" hidden="false" id="47" name="_RunRightAnimation" order="20"/>
        <animation default="" defaultValue="" desc="" dropdown="" fullname="Run Left Animation" hidden="false" id="48" name="_RunLeftAnimation" order="19"/>
        <animation default="" defaultValue="" desc="" dropdown="" fullname="Idle Right Animation" hidden="false" id="49" name="_IdleRightAnimation" order="18"/>
        <animation default="" defaultValue="" desc="" dropdown="" fullname="Idle Left Animation" hidden="false" id="50" name="_IdleLeftAnimation" order="17"/>
        <boolean default="false" defaultValue="false" desc="" dropdown="" fullname="Jumping" hidden="true" id="52" name="_Jumping" order="6"/>
        <animation default="" defaultValue="" desc="" dropdown="" fullname="Jump Right Animation" hidden="false" id="53" name="_JumpRightAnimation" order="22"/>
        <animation default="" defaultValue="" desc="" dropdown="" fullname="Jump Left Animation" hidden="false" id="54" name="_JumpLeftAnimation" order="21"/>
        <boolean default="false" defaultValue="false" desc="" dropdown="" fullname="Facing Left" hidden="true" id="55" name="_FacingLeft" order="7"/>
        <boolean default="false" defaultValue="false" desc="If selected, use the &lt;var&gt;Jump&lt;/var&gt; animations while falling, otherwise use the &lt;var&gt;Idle&lt;/var&gt; animations." dropdown="" fullname="Jump Animation When Falling" hidden="false" id="56" name="_JumpAnimationWhenFalling" order="23"/>
        <boolean default="false" defaultValue="false" desc="" dropdown="" fullname="Jump Higher" hidden="true" id="57" name="_JumpHigher" order="4"/>
        <boolean default="false" defaultValue="false" desc="" dropdown="" fullname="Was Jump" hidden="true" id="58" name="_WasJump" order="3"/>
        <boolean default="false" defaultValue="false" desc="If selected, the jumping height will depend on how long the &lt;var&gt;Jump&lt;/var&gt; key is pressed." dropdown="" fullname="Variable Jump" hidden="false" id="60" name="_VariableJump" order="15"/>
        <number default="0.2" defaultValue="0.2" desc="Holding down the jump key longer than this will not make the actor jump higher. Only used if &lt;var&gt;Variable Jump&lt;/var&gt; is selected." dropdown="" fullname="Variable Jump Duration" hidden="false" id="62" name="_VariableJumpDuration" order="16"/>
        <number default="50" defaultValue="50" desc="The force used for running." dropdown="" fullname="Running Force" hidden="false" id="63" name="_RunningForce" order="12"/>
        <blocks/>
        <events>
            <event displayName="Updated" enabled="true" id="3" name="step" order="3" repeats="true"/>
            <event displayName="Custom Event" enabled="true" id="4" name="event-custom" order="5" repeats="true"/>
            <event displayName="Custom Event" enabled="true" id="5" name="event-custom" order="6" repeats="true"/>
            <event displayName="Custom Event" enabled="true" id="7" name="event-custom" order="7" repeats="true"/>
            <event displayName="Actor - Any" enabled="true" id="8" name="collide" order="4" repeats="true"/>
        </events>
    </snippet>
    <snippet attachedevent="false" class="scripts.Design_3_3_FaceDirectionofMotion" classname="scripts.Design_3_3_FaceDirectionofMotion" desc="Make the actor always face the direction of its motion." description="Make the actor always face the direction of its motion." design="true" drawOrder="0" id="3" language="" name="Face Direction of Motion" oid="-1" package="scripts" scenespecific="false" shared="false" type="actor">
        <actor default="thisactor" defaultValue="thisactor" desc="" dropdown="" fullname="Actor" hidden="true" id="2147483647" name="actor" order="0"/>
        <number default="-90.0" defaultValue="-90.0" desc="The facing of the actor's sprite." dropdown="Up=-90&#10;Down=90&#10;Left=180&#10;Right=0&#10;" fullname="Facing" hidden="false" id="4" name="_Facing" order="1"/>
        <number default="1.0" defaultValue="1.0" desc="Below this speed the actor will be considered to be idle (i.e. not moving). May be changed for fine tuning, but must be greater than 0." dropdown="" fullname="Idle Threshold" hidden="false" id="5" name="_IdleThreshold" order="2"/>
        <blocks/>
        <events>
            <event displayName="Updated" enabled="true" id="2" name="step" order="2" repeats="true"/>
        </events>
    </snippet>
    <snippet attachedevent="true" class="scripts.ActorEvents_7" classname="scripts.ActorEvents_7" desc="Actor Specific Events" description="Actor Specific Events" design="true" drawOrder="0" id="4" language="" name="ActorEvents_7" oid="-1" package="scripts." scenespecific="false" shared="false" type="actor">
        <blocks/>
        <events>
            <event displayName="Type - Type" enabled="true" id="1" name="event-collide-typetotype" order="1" repeats="true"/>
        </events>
    </snippet>
    <snippet attachedevent="false" class="scripts.Design_5_5_FollowTarget" classname="scripts.Design_5_5_FollowTarget" desc="Make the actor follow a given actor." description="Make the actor follow a given actor." design="true" drawOrder="0" id="5" language="" name="Follow Target" oid="-1" package="scripts" scenespecific="false" shared="false" type="actor">
        <actor default="thisactor" defaultValue="thisactor" desc="" dropdown="" fullname="Actor" hidden="true" id="2147483647" name="actor" order="0"/>
        <actor default="" defaultValue="" desc="The target actor this actor will follow. &lt;br /&gt;&#10;If the target actor is unset or dead this behavior will do nothing." dropdown="" fullname="Target Actor" hidden="false" id="1" name="_TargetActor" order="7"/>
        <number default="0.0" defaultValue="0.0" desc="" dropdown="" fullname="Distance X" hidden="true" id="2" name="_DistanceX" order="1"/>
        <number default="0.0" defaultValue="0.0" desc="" dropdown="" fullname="Distance Y" hidden="true" id="3" name="_DistanceY" order="2"/>
        <number default="0.0" defaultValue="0.0" desc="" dropdown="" fullname="Distance" hidden="true" id="4" name="_Distance" order="3"/>
        <number default="0.0" defaultValue="0.0" desc="" dropdown="" fullname="Direction" hidden="true" id="5" name="_Direction" order="4"/>
        <number default="30.0" defaultValue="30.0" desc="The speed to move towards the target." dropdown="" fullname="Speed" hidden="false" id="6" name="_Speed" order="8"/>
        <number default="0.0" defaultValue="0.0" desc="The actor will not move closer to the target than this value." dropdown="" fullname="Margin" hidden="false" id="7" name="_Margin" order="9"/>
        <boolean default="true" defaultValue="true" desc="If selected, the actor will move faster if farther away from the target and slower if closer to to the target.&lt;br /&gt;&#10;If unselected, the actor will move towards the target at a constant speed as specified in the &lt;var&gt;Speed&lt;/var&gt; attribute." dropdown="" fullname="Easing" hidden="false" id="8" name="_Easing" order="11"/>
        <number default="5.0" defaultValue="5.0" desc="Only used when &lt;var&gt;Easing&lt;/var&gt; is selected.&lt;br /&gt;&#10;The actor will move at least at this speed. The actual speed depends on the distance to the target. The maximum speed is &lt;var&gt;Minimum Easing Speed&lt;/var&gt; plus &lt;var&gt;Speed&lt;/var&gt;. The actor will move at maximum speed if it is in the opposite diagonal corner of the target." dropdown="" fullname="Minimum Easing Speed" hidden="false" id="9" name="_MinimumEasingSpeed" order="12"/>
        <number default="0.0" defaultValue="0.0" desc="" dropdown="" fullname="Screen Diagonal" hidden="true" id="10" name="_ScreenDiagonal" order="5"/>
        <boolean default="true" defaultValue="true" desc="If selected, the actor will stop moving when colliding with the target actor.&lt;br /&gt;&#10;If unselected, the actor will instead continue to  and push the target around." dropdown="" fullname="Stop when Colliding" hidden="false" id="11" name="_StopwhenColliding" order="10"/>
        <boolean default="false" defaultValue="false" desc="" dropdown="" fullname="Collided" hidden="true" id="12" name="_Collided" order="6"/>
        <blocks/>
        <events>
            <event displayName="Updated" enabled="true" id="1" name="step" order="2" repeats="true"/>
            <event displayName="Created" enabled="true" id="2" name="init" order="1" repeats="true"/>
            <event displayName="Actor - Any" enabled="true" id="3" name="event-collide-actor" order="3" repeats="true"/>
        </events>
    </snippet>
    <snippet attachedevent="false" class="scripts.Design_6_6_ReloadSceneOnDeath" classname="scripts.Design_6_6_ReloadSceneOnDeath" desc="Reload the scene when this actor dies." description="Reload the scene when this actor dies." design="true" drawOrder="0" id="6" language="" name="Reload Scene On Death" oid="-1" package="scripts" scenespecific="false" shared="false" type="actor">
        <actor default="thisactor" defaultValue="thisactor" desc="" dropdown="" fullname="Actor" hidden="true" id="2147483647" name="actor" order="0"/>
        <number default="0.5" defaultValue="0.5" desc="The time to transition out, in seconds, if one of the first six &lt;em&gt;Transition Styles&lt;/em&gt; is used. Otherwise the time to transition out and in." dropdown="" fullname="Out Time" hidden="false" id="1" name="_OutTime" order="2"/>
        <number default="0.5" defaultValue="0.5" desc="The time to transition in, in seconds, if one of the first six &lt;em&gt;Transition Styles&lt;/em&gt; is used. Otherwise it is ignored." dropdown="" fullname="In Time" hidden="false" id="2" name="_InTime" order="3"/>
        <text default="" defaultValue="" desc="The style to use for the reload transition." dropdown="Fade=Fade&#10;Blinds=Blinds&#10;Bubbles=Bubbles&#10;Spotlight=Spotlight&#10;Blur=Blur&#10;Box=Box&#10;Crossfade=Crossfade&#10;Slide Up=Slide Up&#10;Slide Down=Slide Down&#10;Slide Left=Slide Left&#10;Slide Right=Slide Right" fullname="Transition Style" hidden="false" id="3" name="_TransitionStyle" order="1"/>
        <blocks/>
        <events>
            <event displayName="Actor Created" enabled="true" id="1" name="event-actor-create-kill" order="1" repeats="true"/>
            <event displayName="Reload" enabled="true" id="2" name="event-custom" order="2" repeats="true"/>
        </events>
    </snippet>
    <snippet attachedevent="false" class="scripts.Design_7_7_DieOnLeavingScreen" classname="scripts.Design_7_7_DieOnLeavingScreen" desc="Attach to an actor to make it die once it leaves the screen." description="Attach to an actor to make it die once it leaves the screen." design="true" drawOrder="0" id="7" language="" name="Die On Leaving Screen" oid="-1" package="scripts" scenespecific="false" shared="false" type="actor">
        <actor default="thisactor" defaultValue="thisactor" desc="" dropdown="" fullname="Actor" hidden="true" id="2147483647" name="actor" order="0"/>
        <blocks/>
        <events>
            <event displayName="Creation" enabled="true" id="1" name="init" order="1" repeats="true"/>
            <event displayName="Leaves Screen" enabled="true" id="4" name="event-actor-screen" order="4" repeats="true"/>
        </events>
    </snippet>
    <snippet attachedevent="false" class="scripts.Design_8_8_IntroTitle" classname="scripts.Design_8_8_IntroTitle" desc="Shows an intro title, which slides away after the specified time." description="Shows an intro title, which slides away after the specified time." design="true" drawOrder="0" id="8" language="" name="Intro Title" oid="-1" package="scripts" scenespecific="false" shared="false" type="scene">
        <boolean default="false" defaultValue="false" desc="INTERNAL ATTRIBUTE. Whether or not the slide-off has started." dropdown="" fullname="Started" hidden="true" id="5" name="_Started" order="0"/>
        <font default="" defaultValue="" desc="The font to use when drawing the intro title. Specify from the list of fonts you have created in Stencyl." dropdown="" fullname="Font To Use" hidden="false" id="6" name="_FontToUse" order="7"/>
        <number default="1.0" defaultValue="1.0" desc="The amount of time, in seconds, before that the intro title should wait before beginning its exit of the screen." dropdown="" fullname="Time Before Retreat" hidden="false" id="7" name="_TimeBeforeRetreat" order="5"/>
        <number default="0.0" defaultValue="0.0" desc="The y-position, in screen coordinates, of the centre of the Intro Title." dropdown="" fullname="Y Centre Position" hidden="false" id="8" name="_YCentrePosition" order="4"/>
        <text default="" defaultValue="" desc="Show this text in the Intro Title. Leave blank to use the scene's name." dropdown="" fullname="Alternative Text" hidden="false" id="10" name="_AlternativeText" order="6"/>
        <number default="-5.0" defaultValue="-5.0" desc="The initial speed to slide off the screen at." dropdown="" fullname="Slide Speed" hidden="false" id="11" name="_SlideSpeed" order="1"/>
        <boolean default="false" defaultValue="false" desc="Should a rounded rectangle be drawn behind the text?" dropdown="" fullname="Draw Rounded Rectangle?" hidden="false" id="12" name="_DrawRectangle" order="9"/>
        <number default="0.0" defaultValue="0.0" desc="The x-position, in screen coordinates, of the centre of the Intro Title." dropdown="" fullname="X Centre Position" hidden="false" id="13" name="_XCentrePosition" order="3"/>
        <color default="204,255,255,255" defaultValue="204,255,255,255" desc="The fill colour for the rounded rectangle behind the text, if one is drawn." dropdown="" fullname="Fill Colour" hidden="false" id="14" name="_FillColour" order="10"/>
        <color default="153,204,255,255" defaultValue="153,204,255,255" desc="The stroke colour for the rounded rectangle behind the text, if one is drawn. (Stroke is the outline)." dropdown="" fullname="Stroke Colour" hidden="false" id="15" name="_StrokeColour" order="11"/>
        <number default="1.0" defaultValue="1.0" desc="The thickness, in pixels, of the stroke around the outside of the rounded rectangle behind the text, if one is drawn." dropdown="" fullname="Stroke Thickness" hidden="false" id="16" name="_StrokeThickness" order="12"/>
        <number default="4.0" defaultValue="4.0" desc="Padding around the text, in pixels, for the rounded rectangle behind the text, if one is drawn." dropdown="" fullname="Padding" hidden="false" id="17" name="_Padding" order="13"/>
        <number default="2.0" defaultValue="2.0" desc="The amount the rounded rectangle is rounded, if one is drawn. (Use 0 for right-angled corners)." dropdown="" fullname="Rounding" hidden="false" id="18" name="_Rounding" order="14"/>
        <text default="" defaultValue="" desc="The direction the Intro Title slides away to." dropdown="Up=Up&#10;Down=Down&#10;Left=Left&#10;Right=Right" fullname="Slide Direction" hidden="false" id="19" name="_SlideDirection" order="8"/>
        <number default="0.5" defaultValue="0.5" desc="The slide speed is incremented by this value every update." dropdown="" fullname="Slide Speed Change" hidden="false" id="20" name="_SlideSpeedChange" order="2"/>
        <blocks>
            <receiver blockID="113" id="1"/>
            <receiver blockID="15" id="2"/>
            <receiver blockID="16" id="3"/>
            <receiver blockID="18" id="4"/>
            <receiver blockID="111" id="5"/>
            <receiver blockID="112" id="6"/>
        </blocks>
        <events>
            <event displayName="Created" enabled="true" id="1" name="init" order="1" repeats="true"/>
            <event displayName="Updated" enabled="true" id="2" name="step" order="2" repeats="true"/>
            <event displayName="Drawing" enabled="true" id="3" name="draw" order="3" repeats="true"/>
        </events>
    </snippet>
    <snippet attachedevent="false" class="scripts.Design_9_9_CustomMouseCursor" classname="scripts.Design_9_9_CustomMouseCursor" desc="Allows you to change or hide the mouse cursor.&lt;br/&gt;" description="Allows you to change or hide the mouse cursor.&lt;br/&gt;" design="true" drawOrder="0" id="9" language="" name="Custom Mouse Cursor" oid="-1" package="scripts" scenespecific="false" shared="false" type="scene">
        <actortype default="" defaultValue="" desc="The actor type to use as a mouse cursor.&lt;br/&gt;&#10;Only used when &lt;var&gt;Cursor Mode&lt;/var&gt; is set to &lt;var&gt;Custom&lt;/var&gt;." dropdown="" fullname="Custom Cursor" hidden="false" id="3" name="_CustomCursor" order="3"/>
        <number default="0.0" defaultValue="0.0" desc="A horizontal offset at which the custom cursor is displayed.&lt;br/&gt;&#10;" dropdown="" fullname="X-Offset" hidden="false" id="4" name="_XOffset" order="4"/>
        <number default="0.0" defaultValue="0.0" desc="A vertical offset at which the custom cursor is displayed.&lt;br/&gt;&#10;" dropdown="" fullname="Y-Offset" hidden="false" id="5" name="_YOffset" order="5"/>
        <actor default="" defaultValue="" desc="" dropdown="" fullname="Cursor Actor" hidden="true" id="9" name="_CursorActor" order="6"/>
        <text default="" defaultValue="" desc="&lt;var&gt;Default&lt;var/&gt; - show the default cursor&lt;br/&gt;&#10;&lt;var&gt;Hidden&lt;var/&gt; - don't show a cursor&lt;br/&gt;&#10;&lt;var&gt;Custom&lt;var/&gt; - show the image of the actor type selected below" dropdown="Default=Default&#10;Hidden=Hidden&#10;Custom=Custom&#10;" fullname="Cursor Mode" hidden="false" id="10" name="_CursorMode" order="2"/>
        <blocks/>
        <events>
            <event displayName="Created" enabled="true" id="1" name="init" order="3" repeats="true"/>
            <event displayName="Drawing" enabled="true" id="5" name="draw" order="6" repeats="true"/>
        </events>
    </snippet>
    <snippet attachedevent="false" class="scripts.Design_10_10_DieInPitAndReload" classname="scripts.Design_10_10_DieInPitAndReload" desc="When the actor falls into a &quot;pit&quot; (e.g. off the bottom of the scene), it will be killed and the scene will reload." description="When the actor falls into a &quot;pit&quot; (e.g. off the bottom of the scene), it will be killed and the scene will reload." design="true" drawOrder="0" id="10" language="" name="Die In Pit And Reload" oid="-1" package="scripts" scenespecific="false" shared="false" type="actor">
        <actor default="thisactor" defaultValue="thisactor" desc="" dropdown="" fullname="Actor" hidden="true" id="2147483647" name="actor" order="0"/>
        <number default="0.5" defaultValue="0.5" desc="The time to transition out, in seconds, if one of the first six &lt;em&gt;Transition Styles&lt;/em&gt; is used. Otherwise the time to transition out and in." dropdown="" fullname="Out Time" hidden="false" id="3" name="_OutTime" order="2"/>
        <number default="0.5" defaultValue="0.5" desc="The time to transition in, in seconds, if one of the first six &lt;em&gt;Transition Styles&lt;/em&gt; is used. Otherwise it is ignored." dropdown="" fullname="In Time" hidden="false" id="4" name="_InTime" order="3"/>
        <text default="" defaultValue="" desc="The style to use for the reload transition." dropdown="Fade=Fade&#10;Blinds=Blinds&#10;Bubbles=Bubbles&#10;Spotlight=Spotlight&#10;Blur=Blur&#10;Box=Box&#10;Crossfade=Crossfade&#10;Slide Up=Slide Up&#10;Slide Down=Slide Down&#10;Slide Left=Slide Left&#10;Slide Right=Slide Right" fullname="Transition Style" hidden="false" id="5" name="_TransitionStyle" order="1"/>
        <blocks/>
        <events>
            <event displayName="Updated" enabled="true" id="1" name="step" order="2" repeats="true"/>
            <event displayName="Created" enabled="true" id="2" name="init" order="1" repeats="true"/>
            <event displayName="Reload" enabled="true" id="3" name="event-custom" order="3" repeats="true"/>
        </events>
    </snippet>
    <snippet attachedevent="true" class="scripts.SceneEvents_1" classname="scripts.SceneEvents_1" desc="Scene Specific Events" description="Scene Specific Events" design="true" drawOrder="0" id="11" language="" name="SceneEvents_1" oid="-1" package="scripts." sceneid="1" scenespecific="true" shared="false" type="scene">
        <blocks/>
        <events/>
    </snippet>
    <snippet attachedevent="true" class="scripts.ActorEvents_9" classname="scripts.ActorEvents_9" desc="Actor Specific Events" description="Actor Specific Events" design="true" drawOrder="0" id="12" language="" name="ActorEvents_9" oid="-1" package="scripts." scenespecific="false" shared="false" type="actor">
        <blocks/>
        <events>
            <event displayName="Type - Type" enabled="true" id="1" name="event-collide-typetotype" order="1" repeats="true"/>
        </events>
    </snippet>
    <snippet attachedevent="false" class="scripts.Design_13_13_2WayVerticalMovement" classname="scripts.Design_13_13_2WayVerticalMovement" desc="Allows the actor to move up and down." description="Allows the actor to move up and down." design="true" drawOrder="0" id="13" language="" name="2 Way Vertical Movement" oid="-1" package="scripts" scenespecific="false" shared="false" type="actor">
        <actor default="thisactor" defaultValue="thisactor" desc="" dropdown="" fullname="Actor" hidden="true" id="2147483647" name="actor" order="0"/>
        <control default="" defaultValue="" desc="" dropdown="" fullname="Up Control" hidden="false" id="33" name="_UpControl" order="4"/>
        <control default="" defaultValue="" desc="" dropdown="" fullname="Down Control" hidden="false" id="34" name="_DownControl" order="5"/>
        <number default="0" defaultValue="0" desc="" dropdown="" fullname="Move Y" hidden="true" id="37" name="_MoveY" order="1"/>
        <boolean default="true" defaultValue="true" desc="If selected, the control attributes will be used to control the movement.&lt;br /&gt;&#10;If unselected, the control attributes are ignored and the movement can be controlled by triggering custom events. Trigger the event  &lt;var&gt;MoveUp&lt;/var&gt; or &lt;var&gt;MoveDown&lt;/var&gt; to make the actor move as if the keys were pressed." dropdown="" fullname="Use Controls" hidden="false" id="38" name="_UseControls" order="3"/>
        <boolean default="false" defaultValue="false" desc="If selected, the actor will not be able to move horizontally." dropdown="" fullname="Prevent Horizontal Movement" hidden="false" id="39" name="_PreventHorizontalMovement" order="7"/>
        <number default="0.0" defaultValue="0.0" desc="" dropdown="" fullname="Start X" hidden="true" id="40" name="_StartX" order="2"/>
        <animation default="" defaultValue="" desc="" dropdown="" fullname="Up Animation (Idle)" hidden="false" id="41" name="_UpAnimationIdle" order="10"/>
        <animation default="" defaultValue="" desc="" dropdown="" fullname="Up Animation" hidden="false" id="42" name="_UpAnimation" order="11"/>
        <animation default="" defaultValue="" desc="" dropdown="" fullname="Down Animation (Idle)" hidden="false" id="43" name="_DownAnimationIdle" order="12"/>
        <number default="30.0" defaultValue="30.0" desc="The speed of the movement." dropdown="" fullname="Speed" hidden="false" id="11" name="_Speed" order="6"/>
        <animation default="" defaultValue="" desc="" dropdown="" fullname="Down Animation" hidden="false" id="44" name="_DownAnimation" order="13"/>
        <boolean default="true" defaultValue="true" desc="If selected, the animation attributes will be used, otherwise they will be ignored." dropdown="" fullname="Use Animations" hidden="false" id="45" name="_UseAnimations" order="9"/>
        <boolean default="true" defaultValue="true" desc="If selected, the actor will not be able to turn while moving." dropdown="" fullname="Stop Turning" hidden="false" id="46" name="_StopTurning" order="8"/>
        <blocks/>
        <events>
            <event displayName="Updated" enabled="true" id="3" name="step" order="4" repeats="true"/>
            <event displayName="Custom Event" enabled="true" id="4" name="event-custom" order="5" repeats="true"/>
            <event displayName="Custom Event" enabled="true" id="5" name="event-custom" order="6" repeats="true"/>
            <event displayName="Created" enabled="true" id="6" name="init" order="3" repeats="true"/>
        </events>
    </snippet>
    <snippet attachedevent="false" class="scripts.Design_14_14_BackandForthVertically" classname="scripts.Design_14_14_BackandForthVertically" desc="Makes the actor move back and forth vertically." description="Makes the actor move back and forth vertically." design="true" drawOrder="0" id="14" language="" name="Back and Forth Vertically" oid="-1" package="scripts" scenespecific="false" shared="false" type="actor">
        <number default="10.0" defaultValue="10.0" desc="The movement speed." dropdown="" fullname="Speed" hidden="false" id="16" name="_Speed" order="3"/>
        <actor default="thisactor" defaultValue="thisactor" desc="" dropdown="" fullname="Actor" hidden="true" id="2147483647" name="actor" order="0"/>
        <number default="100.0" defaultValue="100.0" desc="The distance the actor will be moving up." dropdown="" fullname="Distance Up" hidden="false" id="17" name="_DistanceUp" order="5"/>
        <number default="100.0" defaultValue="100.0" desc="The distance the actor will be moving down." dropdown="" fullname="Distance Down" hidden="false" id="18" name="_DistanceDown" order="6"/>
        <number default="0.0" defaultValue="0.0" desc="The direction in which the actor will be moving when created." dropdown="Up=-1&#10;Down=1" fullname="Initial Direction" hidden="false" id="19" name="_InitialDirection" order="4"/>
        <boolean default="true" defaultValue="true" desc="If selected, the actor will change the movement direction when colliding.&lt;br /&gt;&#10;If unselected, the actor will try to keep on moving in the current direction." dropdown="" fullname="Change Direction on Collision" hidden="false" id="20" name="_ChangeDirectiononCollision" order="7"/>
        <number default="0" defaultValue="0" desc="" dropdown="" fullname="Start" hidden="true" id="13" name="_Start" order="1"/>
        <number default="0.0" defaultValue="0.0" desc="" dropdown="" fullname="End" hidden="true" id="15" name="_End" order="2"/>
        <blocks/>
        <events>
            <event displayName="Updated" enabled="true" id="1" name="step" order="2" repeats="true"/>
            <event displayName="Drawing" enabled="true" id="2" name="draw" order="4" repeats="true"/>
            <event displayName="Created" enabled="true" id="3" name="init" order="1" repeats="true"/>
            <event displayName="Actor - Any" enabled="true" id="4" name="collide" order="3" repeats="true"/>
        </events>
    </snippet>
    <snippet attachedevent="false" class="scripts.Design_15_15_BackandForthHorizontally" classname="scripts.Design_15_15_BackandForthHorizontally" desc="Makes the actor move back and forth horizontally." description="Makes the actor move back and forth horizontally." design="true" drawOrder="0" id="15" language="" name="Back and Forth Horizontally" oid="-1" package="scripts" scenespecific="false" shared="false" type="actor">
        <number default="10.0" defaultValue="10.0" desc="The movement speed." dropdown="" fullname="Speed" hidden="false" id="16" name="_Speed" order="3"/>
        <actor default="thisactor" defaultValue="thisactor" desc="" dropdown="" fullname="Actor" hidden="true" id="2147483647" name="actor" order="0"/>
        <number default="100.0" defaultValue="100.0" desc="The distance the actor will be moving to the left." dropdown="" fullname="Distance Left" hidden="false" id="17" name="_DistanceLeft" order="5"/>
        <number default="100.0" defaultValue="100.0" desc="The distance the actor will be moving to the right." dropdown="" fullname="Distance Right" hidden="false" id="18" name="_DistanceRight" order="6"/>
        <number default="0.0" defaultValue="0.0" desc="The direction in which the actor will be moving when created." dropdown="Left=-1&#10;Right=1" fullname="Initial Direction" hidden="false" id="19" name="_InitialDirection" order="4"/>
        <boolean default="true" defaultValue="true" desc="If selected, the actor will change the movement direction when colliding.&lt;br /&gt;&#10;If unselected, the actor will try to keep on moving in the current direction." dropdown="" fullname="Change Direction on Collision" hidden="false" id="20" name="_ChangeDirectiononCollision" order="7"/>
        <number default="0" defaultValue="0" desc="" dropdown="" fullname="Start" hidden="true" id="13" name="_Start" order="1"/>
        <number default="0" defaultValue="0" desc="" dropdown="" fullname="End" hidden="true" id="15" name="_End" order="2"/>
        <blocks/>
        <events>
            <event displayName="Updated" enabled="true" id="1" name="step" order="2" repeats="true"/>
            <event displayName="Drawing" enabled="true" id="2" name="draw" order="4" repeats="true"/>
            <event displayName="Created" enabled="true" id="3" name="init" order="1" repeats="true"/>
            <event displayName="Actor - Any" enabled="true" id="4" name="collide" order="3" repeats="true"/>
        </events>
    </snippet>
    <snippet attachedevent="false" class="scripts.Design_16_16_DieOnCollision" classname="scripts.Design_16_16_DieOnCollision" desc="Attach to an actor to make it die when it collides with something." description="Attach to an actor to make it die when it collides with something." design="true" drawOrder="0" id="16" language="" name="Die On Collision" oid="-1" package="scripts" scenespecific="false" shared="false" type="actor">
        <actor default="thisactor" defaultValue="thisactor" desc="" dropdown="" fullname="Actor" hidden="true" id="2147483647" name="actor" order="0"/>
        <blocks/>
        <events>
            <event displayName="Collision" enabled="true" id="1" name="collide" order="1" repeats="true"/>
        </events>
    </snippet>
    <snippet attachedevent="false" class="scripts.Design_17_17_DieOnCollisionWithActorType" classname="scripts.Design_17_17_DieOnCollisionWithActorType" desc="Attach to an actor to make it die when it collides with a specific actor type." description="Attach to an actor to make it die when it collides with a specific actor type." design="true" drawOrder="0" id="17" language="" name="Die On Collision With Actor Type" oid="-1" package="scripts" scenespecific="false" shared="false" type="actor">
        <actor default="thisactor" defaultValue="thisactor" desc="" dropdown="" fullname="Actor" hidden="true" id="2147483647" name="actor" order="0"/>
        <actortype default="" defaultValue="" desc="When the actor collides with an actor, it will die if the other actor is of this type." dropdown="" fullname="Actor Type" hidden="false" id="2" name="_ActorType" order="1"/>
        <blocks/>
        <events>
            <event displayName="Collision" enabled="true" id="1" name="event-collide-actortotype" order="1" repeats="true"/>
        </events>
    </snippet>
    <snippet attachedevent="true" class="scripts.ActorEvents_11" classname="scripts.ActorEvents_11" desc="Actor Specific Events" description="Actor Specific Events" design="true" drawOrder="0" id="18" language="" name="ActorEvents_11" oid="-1" package="scripts." scenespecific="false" shared="false" type="actor">
        <blocks/>
        <events/>
    </snippet>
    <snippet attachedevent="false" class="scripts.Design_19_19_PauseButton" classname="scripts.Design_19_19_PauseButton" desc="A button to pause/unpause the game." description="A button to pause/unpause the game." design="true" drawOrder="0" id="19" language="" name="Pause Button" oid="-1" package="scripts" scenespecific="false" shared="false" type="actor">
        <actor default="thisactor" defaultValue="thisactor" desc="" dropdown="" fullname="Actor" hidden="true" id="2147483647" name="actor" order="0"/>
        <animation default="" defaultValue="" desc="Animation for the button in an unpressed state." dropdown="" fullname="Normal Animation" hidden="false" id="1" name="_NormalAnimation" order="5"/>
        <animation default="" defaultValue="" desc="Animation for the button in an pressed-down state." dropdown="" fullname="Pressed Animation" hidden="false" id="4" name="_PressedAnimation" order="6"/>
        <boolean default="false" defaultValue="false" desc="" dropdown="" fullname="Down" hidden="true" id="5" name="_Down" order="1"/>
        <animation default="" defaultValue="" desc="Animation for the button in a focused state. Not used in mobile games." dropdown="" fullname="Hover Animation" hidden="false" id="6" name="_HoverAnimation" order="7"/>
        <animation default="" defaultValue="" desc="Animation for the activated button in an unpressed state." dropdown="" fullname="Activated Normal Animation" hidden="false" id="7" name="_ActivatedNormalAnimation" order="8"/>
        <boolean default="false" defaultValue="false" desc="" dropdown="" fullname="Activated" hidden="true" id="10" name="_Activated" order="2"/>
        <animation default="" defaultValue="" desc="Animation for the activated button in an pressed-down state." dropdown="" fullname="Activated Pressed Animation" hidden="false" id="11" name="_ActivatedPressedAnimation" order="9"/>
        <animation default="" defaultValue="" desc="Animation for the activated button in a focused state. Not used in mobile games." dropdown="" fullname="Activated Hover Animation" hidden="false" id="12" name="_ActivatedHoverAnimation" order="10"/>
        <blocks/>
        <events>
            <event displayName="On Actor" enabled="true" id="17" name="event-mouse-enter-exit-actor" order="16" repeats="true"/>
            <event displayName="Created" enabled="true" id="2" name="init" order="2" repeats="true"/>
            <event displayName="On Actor" enabled="true" id="18" name="event-mouse-enter-exit-actor" order="17" repeats="true"/>
            <event displayName="On Actor" enabled="true" id="19" name="event-mouse-enter-exit-actor" order="12" repeats="true"/>
            <event displayName="On Actor" enabled="true" id="20" name="event-mouse-enter-exit-actor" order="15" repeats="true"/>
            <event displayName="Paused" enabled="true" id="21" name="event-paused" order="18" repeats="true"/>
            <event displayName="Paused" enabled="true" id="22" name="event-paused" order="21" repeats="true"/>
            <event displayName="UpdateState" enabled="true" id="23" name="event-custom" order="23" repeats="true"/>
            <event displayName="Toggle" enabled="true" id="14" name="event-custom" order="22" repeats="true"/>
        </events>
    </snippet>
    <snippet attachedevent="false" class="scripts.Design_20_20_ReloadSceneButton" classname="scripts.Design_20_20_ReloadSceneButton" desc="A button to reload the scene." description="A button to reload the scene." design="true" drawOrder="0" id="20" language="" name="Reload Scene Button" oid="-1" package="scripts" scenespecific="false" shared="false" type="actor">
        <actor default="thisactor" defaultValue="thisactor" desc="" dropdown="" fullname="Actor" hidden="true" id="2147483647" name="actor" order="0"/>
        <animation default="" defaultValue="" desc="Animation for the button in an unpressed state." dropdown="" fullname="Normal Animation" hidden="false" id="1" name="_NormalAnimation" order="7"/>
        <animation default="" defaultValue="" desc="Animation for the button in an pressed-down state." dropdown="" fullname="Pressed Animation" hidden="false" id="4" name="_PressedAnimation" order="8"/>
        <boolean default="false" defaultValue="false" desc="" dropdown="" fullname="Down" hidden="true" id="5" name="_Down" order="1"/>
        <animation default="" defaultValue="" desc="Animation for the button in a focused state. Not used in mobile games." dropdown="" fullname="Hover Animation" hidden="false" id="6" name="_HoverAnimation" order="9"/>
        <number default="0.5" defaultValue="0.5" desc="The time to transition out, in seconds, if one of the first six &lt;em&gt;Transition Styles&lt;/em&gt; is used. Otherwise the time to transition out and in." dropdown="" fullname="Out Time" hidden="false" id="9" name="_OutTime" order="3"/>
        <number default="0.5" defaultValue="0.5" desc="The time to transition in, in seconds, if one of the first six &lt;em&gt;Transition Styles&lt;/em&gt; is used. Otherwise it is ignored." dropdown="" fullname="In Time" hidden="false" id="10" name="_InTime" order="4"/>
        <text default="" defaultValue="" desc="The style to use for the reload transition." dropdown="Fade=Fade&#10;Blinds=Blinds&#10;Bubbles=Bubbles&#10;Spotlight=Spotlight&#10;Blur=Blur&#10;Box=Box&#10;Crossfade=Crossfade&#10;Slide Up=Slide Up&#10;Slide Down=Slide Down&#10;Slide Left=Slide Left&#10;Slide Right=Slide Right" fullname="Transition Style" hidden="false" id="11" name="_TransitionStyle" order="2"/>
        <blocks/>
        <events>
            <event displayName="Created" enabled="true" id="16" name="init" order="15" repeats="true"/>
            <event displayName="On Actor" enabled="true" id="17" name="event-mouse-enter-exit-actor" order="16" repeats="true"/>
            <event displayName="On Actor" enabled="true" id="18" name="event-mouse-enter-exit-actor" order="17" repeats="true"/>
            <event displayName="On Actor" enabled="true" id="19" name="event-mouse-enter-exit-actor" order="18" repeats="true"/>
            <event displayName="On Actor" enabled="true" id="20" name="event-mouse-enter-exit-actor" order="19" repeats="true"/>
            <event displayName="Reload" enabled="true" id="21" name="event-custom" order="21" repeats="true"/>
        </events>
    </snippet>
    <snippet attachedevent="false" class="scripts.Design_21_21_ExplodeOnDeath" classname="scripts.Design_21_21_ExplodeOnDeath" desc="Spawn an explosion and fragments when the actor dies." description="Spawn an explosion and fragments when the actor dies." design="true" drawOrder="0" id="21" language="" name="Explode On Death" oid="-1" package="scripts" scenespecific="false" shared="false" type="actor">
        <actor default="thisactor" defaultValue="thisactor" desc="" dropdown="" fullname="Actor" hidden="true" id="2147483647" name="actor" order="0"/>
        <number default="10.0" defaultValue="10.0" desc="The maximum speed at which the fragments fly away." dropdown="" fullname="Maximum Speed" hidden="false" id="17" name="_MaximumSpeed" order="6"/>
        <actortype default="" defaultValue="" desc="The actor type of the fragments to create.&lt;br/&gt;&#10;Make sure the actor type of the fragments doesn't collide with this actor." dropdown="" fullname="Fragment Actor Type" hidden="false" id="22" name="_FragmentActorType" order="3"/>
        <number default="5.0" defaultValue="5.0" desc="The number of fragments to create." dropdown="" fullname="Number of Fragments" hidden="false" id="23" name="_NumberofFragments" order="4"/>
        <number default="360.0" defaultValue="360.0" desc="The maximum turning speed for the fragments." dropdown="" fullname="Maximum Turning Speed" hidden="false" id="24" name="_MaximumTurningSpeed" order="7"/>
        <number default="5.0" defaultValue="5.0" desc="The minimum speed at which the fragments fly away." dropdown="" fullname="Minimum Speed" hidden="false" id="25" name="_MinimumSpeed" order="5"/>
        <number default="0.0" defaultValue="0.0" desc="An offset in the direction of movement at which the fragments will be created." dropdown="" fullname="Offset" hidden="false" id="27" name="_Offset" order="8"/>
        <number default="0.0" defaultValue="0.0" desc="" dropdown="" fullname="Direction" hidden="true" id="28" name="_Direction" order="1"/>
        <actortype default="" defaultValue="" desc="The actor type of the explosion to create.&lt;br/&gt;&#10;Make sure the actor type of the explosion doesn't collide with this actor." dropdown="" fullname="Explosion Actor Type" hidden="false" id="29" name="_ExplosionActorType" order="2"/>
        <blocks/>
        <events>
            <event displayName="Actor Created" enabled="true" id="2" name="event-actor-create-kill" order="2" repeats="true"/>
        </events>
    </snippet>
    <snippet attachedevent="false" class="scripts.Design_22_22_SwitchSceneonEnterRegion" classname="scripts.Design_22_22_SwitchSceneonEnterRegion" desc="Switch scene when an actor enters a region." description="Switch scene when an actor enters a region." design="true" drawOrder="0" id="22" language="" name="Switch Scene on Enter Region" oid="-1" package="scripts" scenespecific="false" shared="false" type="scene">
        <region default="" defaultValue="" desc="The region which will trigger the scene switch." dropdown="" fullname="Region" hidden="false" id="1" name="_Region" order="2"/>
        <scene default="" defaultValue="" desc="The scene to switch to." dropdown="" fullname="Next Scene" hidden="false" id="2" name="_NextScene" order="3"/>
        <actor default="" defaultValue="" desc="The actor that will trigger the scene switch when entering the region." dropdown="" fullname="Actor" hidden="false" id="4" name="_Actor" order="1"/>
        <boolean default="false" defaultValue="false" desc="" dropdown="" fullname="In Region" hidden="true" id="7" name="_InRegion" order="0"/>
        <boolean default="false" defaultValue="false" desc="If selected, only switch scene, when &lt;var&gt;Switch Control&lt;/var&gt; is pressed, while the actor is within the region." dropdown="" fullname="Only Switch On Key Press" hidden="false" id="8" name="_OnlySwitchOnKeyPress" order="4"/>
        <control default="" defaultValue="" desc="The Control to trigger the scene switch if &lt;var&gt;Only Switch On Key Press&lt;/var&gt; is selected." dropdown="" fullname="Switch Control" hidden="false" id="9" name="_SwitchControl" order="5"/>
        <number default="0.5" defaultValue="0.5" desc="The time to transition out, in seconds, if one of the first six &lt;em&gt;Transition Styles&lt;/em&gt; is used. Otherwise the time to transition out and in." dropdown="" fullname="Out Time" hidden="false" id="10" name="_OutTime" order="7"/>
        <number default="0.5" defaultValue="0.5" desc="The time to transition in, in seconds, if one of the first six &lt;em&gt;Transition Styles&lt;/em&gt; is used. Otherwise it is ignored." dropdown="" fullname="In Time" hidden="false" id="11" name="_InTime" order="8"/>
        <text default="" defaultValue="" desc="The style to use for the switch scene transition." dropdown="Fade=Fade&#10;Blinds=Blinds&#10;Bubbles=Bubbles&#10;Spotlight=Spotlight&#10;Blur=Blur&#10;Box=Box&#10;Crossfade=Crossfade&#10;Slide Up=Slide Up&#10;Slide Down=Slide Down&#10;Slide Left=Slide Left&#10;Slide Right=Slide Right" fullname="Transition Style" hidden="false" id="12" name="_TransitionStyle" order="6"/>
        <blocks/>
        <events>
            <event displayName="Updated" enabled="true" id="1" name="step" order="1" repeats="true"/>
            <event displayName="Keyboard" enabled="true" id="2" name="event-key-press-release" order="2" repeats="true"/>
            <event displayName="SwitchScene" enabled="true" id="3" name="event-custom" order="3" repeats="true"/>
        </events>
    </snippet>
</pack>
