<?xml version="1.0" encoding="UTF-8" standalone="no"?>
<scene depth="1" desc="" eventsnippetid="0" extheight="544" extwidth="704" extx="-32" exty="-32" format="3.4.0" gravx="-0.0" gravy="85.0" height="480" id="0" name="1" revision="" savecount="0" tiled="1" tileh="32" tilew="32" type="standard" width="640">
    <layers>
        <color-bg blue="51" green="51" red="51"/>
        <layer blendMode="normal" color="100,168,234" id="0" locked="false" name="Layer 0" opacity="100" order="0" scrollFactorX="1.0" scrollFactorY="1.0" visible="true"/>
    </layers>
    <joints/>
    <regions>
        <region b="64" g="64" h="84" id="0" name="Region 0" pts="4,0.0,0.0,0.0,84.0,53.0,84.0,53.0,0.0" r="64" type="box" w="53" x="587" y="358"/>
    </regions>
    <terrainRegions/>
    <actors>
        <actor a="0.0" aid="1" c="false" group="0" id="1" name="tux 1" sx="2.75" sy="3.0" x="53" y="24" z="0"/>
        <actor a="0.0" aid="2" c="false" group="3" id="7" name="landmine 2" sx="1.0" sy="1.0" x="288" y="168" z="0"/>
        <actor a="0.0" aid="3" c="false" group="3" id="3" name="comcast 3" sx="1.0" sy="1.0" x="568" y="287" z="0"/>
        <actor a="0.0" aid="4" c="false" group="3" id="5" name="windows 4" sx="1.0" sy="1.0" x="381" y="410" z="0"/>
        <actor a="0.0" aid="5" c="false" group="3" id="5" name="windows 5" sx="1.0" sy="1.0" x="330" y="411" z="0"/>
        <actor a="0.0" aid="6" c="false" group="3" id="5" name="windows 6" sx="1.0" sy="1.0" x="429" y="406" z="0"/>
        <actor a="0.0" aid="7" c="false" group="3" id="11" name="bomb 7" sx="1.0" sy="1.0" x="143" y="411" z="0"/>
        <actor a="0.0" aid="8" c="false" group="3" id="11" name="bomb 8" sx="1.0" sy="1.0" x="113" y="409" z="0"/>
        <actor a="0.0" aid="9" c="false" group="3" id="11" name="bomb 9" sx="1.0" sy="1.0" x="130" y="391" z="0"/>
        <actor a="0.0" aid="10" c="false" group="3" id="11" name="bomb 10" sx="1.0" sy="1.0" x="103" y="387" z="0"/>
        <actor a="0.0" aid="11" c="false" group="3" id="11" name="bomb 11" sx="1.0" sy="1.0" x="153" y="392" z="0"/>
        <actor a="0.0" aid="12" c="false" group="3" id="11" name="bomb 12" sx="1.0" sy="1.0" x="113" y="370" z="0"/>
        <actor a="0.0" aid="13" c="false" group="3" id="11" name="bomb 13" sx="1.0" sy="1.0" x="140" y="371" z="0"/>
        <actor a="0.0" aid="14" c="false" group="3" id="17" name="coin 14" sx="0.2" sy="0.2" x="125" y="69" z="0"/>
        <actor a="0.0" aid="15" c="false" group="3" id="17" name="coin 15" sx="0.2" sy="0.2" x="397" y="21" z="0"/>
        <actor a="0.0" aid="16" c="false" group="3" id="17" name="coin 16" sx="0.2" sy="0.2" x="334" y="114" z="0"/>
        <actor a="0.0" aid="17" c="false" group="3" id="17" name="coin 17" sx="0.2" sy="0.2" x="440" y="165" z="0"/>
        <actor a="0.0" aid="18" c="false" group="3" id="17" name="coin 18" sx="0.2" sy="0.2" x="1" y="350" z="0"/>
        <actor a="0.0" aid="19" c="false" group="3" id="17" name="coin 19" sx="0.2" sy="0.2" x="2" y="257" z="0"/>
        <actor a="0.0" aid="20" c="false" group="3" id="17" name="coin 20" sx="0.2" sy="0.2" x="50" y="206" z="0"/>
        <actor a="0.0" aid="24" c="false" group="3" id="11" name="bomb 24" sx="1.0" sy="1.0" x="177" y="368" z="0"/>
        <actor a="0.0" aid="25" c="false" group="3" id="11" name="bomb 25" sx="1.0" sy="1.0" x="171" y="408" z="0"/>
        <actor a="0.0" aid="26" c="false" group="3" id="11" name="bomb 26" sx="1.0" sy="1.0" x="191" y="386" z="0"/>
        <actor a="0.0" aid="27" c="false" group="3" id="11" name="bomb 27" sx="1.0" sy="1.0" x="84" y="372" z="0"/>
        <actor a="0.0" aid="28" c="false" group="3" id="11" name="bomb 28" sx="1.0" sy="1.0" x="89" y="417" z="0"/>
        <actor a="0.0" aid="29" c="false" group="3" id="11" name="bomb 29" sx="1.0" sy="1.0" x="73" y="397" z="0"/>
    </actors>
    <snippets>
        <s enabled="true" id="17">
            <prop id="1" list="0" val="0"/>
            <prop id="2" list="0" val="1"/>
            <prop id="4" list="0" val="1"/>
            <prop id="7" list="0" val="false"/>
            <prop id="8" list="0" val="false"/>
            <prop id="9" list="0" val="No Control"/>
            <prop id="10" list="0" val="0.5"/>
            <prop id="11" list="0" val="0.5"/>
            <prop id="12" list="0" val="Crossfade"/>
        </s>
        <s enabled="true" id="26">
            <prop id="1" list="0" val="Default Font"/>
            <prop id="2" list="0" val="0.0"/>
            <prop id="3" list="0" val="0.0"/>
            <prop id="4" list="0" val="0.0"/>
            <prop id="6" list="0" val="0.0"/>
            <prop id="7" list="0" val=""/>
            <prop id="8" list="0" val=""/>
            <prop id="9" list="0" val="0.0"/>
            <prop id="10" list="0" val="true"/>
        </s>
    </snippets>
    <terrain>
        <p pts="16,640.0,448.0,640.0,480.0,0.0,480.0,0.0,0.0,32.0,0.0,32.0,160.0,288.0,160.0,288.0,192.0,416.0,192.0,416.0,160.0,448.0,160.0,448.0,224.0,256.0,224.0,256.0,192.0,32.0,192.0,32.0,448.0" x="0.0" y="0.0"/>
        <p pts="10,512.0,320.0,512.0,32.0,0.0,32.0,0.0,0.0,544.0,0.0,544.0,352.0,0.0,352.0,0.0,288.0,32.0,288.0,32.0,320.0" x="96.0" y="0.0"/>
        <p pts="4,96.0,0.0,96.0,32.0,0.0,32.0,0.0,0.0" x="448.0" y="128.0"/>
    </terrain>
    <atlases members="" retainAtlases="true"/>
</scene>
