<?xml version="1.0" encoding="UTF-8" standalone="no"?>
<scene depth="1" desc="" eventsnippetid="16" extheight="544" extwidth="704" extx="-32" exty="-32" format="3.4.0" gravx="-0.0" gravy="85.0" height="480" id="1" name="2" revision="" savecount="0" tiled="1" tileh="32" tilew="32" type="standard" width="640">
    <layers>
        <color-bg blue="128" green="128" red="128"/>
        <layer blendMode="normal" color="100,168,234" id="0" locked="false" name="Layer 0" opacity="100" order="0" scrollFactorX="1.0" scrollFactorY="1.0" visible="true"/>
    </layers>
    <joints/>
    <regions>
        <region b="64" g="64" h="20" id="0" name="Region 0" pts="4,-79.5,-10.0,79.5,-10.0,79.5,10.0,-79.5,10.0" r="64" type="box" w="158" x="133" y="60"/>
        <region b="64" g="64" h="68" id="1" name="Region 1" pts="4,0.0,0.0,0.0,68.0,25.0,68.0,25.0,0.0" r="64" type="box" w="25" x="4" y="79"/>
    </regions>
    <terrainRegions/>
    <actors>
        <actor a="0.0" aid="2" c="false" group="0" id="1" name="tux 2" sx="3.25" sy="3.4375" x="36" y="251" z="0"/>
        <actor a="0.0" aid="3" c="false" group="3" id="5" name="windows 3" sx="1.0" sy="1.0" x="195" y="447" z="0"/>
        <actor a="0.0" aid="4" c="false" group="3" id="5" name="windows 4" sx="1.0" sy="1.0" x="439" y="446" z="0"/>
        <actor a="0.0" aid="5" c="false" group="3" id="17" name="coin 5" sx="0.2" sy="0.2" x="52" y="240" z="0"/>
        <actor a="0.0" aid="6" c="false" group="3" id="17" name="coin 6" sx="0.2" sy="0.2" x="278" y="237" z="0"/>
        <actor a="0.0" aid="7" c="false" group="3" id="17" name="coin 7" sx="0.2" sy="0.2" x="462" y="238" z="0"/>
        <actor a="0.0" aid="8" c="false" group="3" id="17" name="coin 8" sx="0.2" sy="0.2" x="525" y="213" z="0"/>
        <actor a="0.0" aid="9" c="false" group="3" id="17" name="coin 9" sx="0.2" sy="0.2" x="556" y="140" z="0"/>
        <actor a="0.0" aid="10" c="false" group="3" id="17" name="coin 10" sx="0.2" sy="0.20967741" x="453" y="77" z="0"/>
        <actor a="0.0" aid="11" c="false" group="3" id="17" name="coin 11" sx="0.2" sy="0.2" x="291" y="81" z="0"/>
        <actor a="0.0" aid="12" c="false" group="3" id="17" name="coin 12" sx="0.2" sy="0.2" x="155" y="159" z="0"/>
    </actors>
    <snippets>
        <s enabled="true" id="17">
            <prop id="1" list="0" val="1"/>
            <prop id="2" list="0" val="2"/>
            <prop id="4" list="0" val="2"/>
            <prop id="7" list="0" val="false"/>
            <prop id="8" list="0" val="false"/>
            <prop id="9" list="0" val="No Control"/>
            <prop id="10" list="0" val="0.5"/>
            <prop id="11" list="0" val="0.5"/>
            <prop id="12" list="0" val="Crossfade"/>
        </s>
        <s enabled="true" id="26">
            <prop id="1" list="0" val="Default Font"/>
            <prop id="2" list="0" val="0.0"/>
            <prop id="3" list="0" val="0.0"/>
            <prop id="4" list="0" val="0.0"/>
            <prop id="6" list="0" val="0.0"/>
            <prop id="7" list="0" val=""/>
            <prop id="8" list="0" val=""/>
            <prop id="9" list="0" val="0.0"/>
            <prop id="10" list="0" val="true"/>
        </s>
    </snippets>
    <terrain>
        <p pts="6,0.0,0.0,160.0,0.0,160.0,32.0,128.0,32.0,128.0,160.0,0.0,160.0" x="0.0" y="320.0"/>
        <p pts="4,32.0,0.0,32.0,32.0,0.0,32.0,0.0,0.0" x="576.0" y="288.0"/>
        <p pts="4,0.0,160.0,0.0,0.0,96.0,0.0,96.0,160.0" x="480.0" y="320.0"/>
        <p pts="4,64.0,0.0,64.0,32.0,0.0,32.0,0.0,0.0" x="480.0" y="160.0"/>
        <p pts="4,0.0,160.0,0.0,0.0,96.0,0.0,96.0,160.0" x="288.0" y="320.0"/>
        <p pts="4,32.0,0.0,32.0,32.0,0.0,32.0,0.0,0.0" x="608.0" y="224.0"/>
        <p pts="4,128.0,0.0,128.0,32.0,0.0,32.0,0.0,0.0" x="0.0" y="160.0"/>
        <p pts="6,32.0,32.0,32.0,64.0,0.0,64.0,0.0,0.0,640.0,0.0,640.0,32.0" x="0.0" y="0.0"/>
        <p pts="4,64.0,0.0,64.0,32.0,0.0,32.0,0.0,0.0" x="320.0" y="160.0"/>
    </terrain>
    <atlases members="" retainAtlases="true"/>
</scene>
