<?xml version="1.0" encoding="UTF-8" standalone="no"?>
<scene depth="1" desc="" eventsnippetid="18" extheight="544" extwidth="704" extx="-32" exty="-32" format="3.4.0" gravx="-0.0" gravy="85.0" height="480" id="2" name="3" revision="" savecount="0" tiled="1" tileh="32" tilew="32" type="standard" width="640">
    <layers>
        <color-bg blue="128" green="128" red="128"/>
        <layer blendMode="normal" color="100,168,234" id="0" locked="false" name="Layer 0" opacity="100" order="0" scrollFactorX="1.0" scrollFactorY="1.0" visible="true"/>
    </layers>
    <joints/>
    <regions>
        <region b="64" g="64" h="74" id="0" name="Region 0" pts="4,0.0,0.0,0.0,74.0,40.0,74.0,40.0,0.0" r="64" type="box" w="40" x="4" y="46"/>
    </regions>
    <terrainRegions/>
    <actors>
        <actor a="0.0" aid="1" c="false" group="3" id="13" name="shooter 1" sx="1.0" sy="1.0" x="239" y="287" z="0"/>
        <actor a="0.0" aid="2" c="false" group="0" id="1" name="tux 2" sx="2.5" sy="2.5" x="604" y="395" z="0"/>
        <actor a="0.0" aid="3" c="false" group="3" id="13" name="shooter 3" sx="1.0" sy="1.0" x="331" y="354" z="0"/>
        <actor a="0.0" aid="4" c="false" group="3" id="13" name="shooter 4" sx="1.0" sy="1.0" x="324" y="288" z="0"/>
        <actor a="0.0" aid="5" c="false" group="3" id="13" name="shooter 5" sx="1.0" sy="1.0" x="226" y="223" z="0"/>
        <actor a="0.0" aid="6" c="false" group="3" id="13" name="shooter 6" sx="1.0" sy="1.0" x="162" y="159" z="0"/>
        <actor a="0.0" aid="7" c="false" group="3" id="13" name="shooter 7" sx="1.0" sy="1.0" x="68" y="128" z="0"/>
        <actor a="0.0" aid="8" c="false" group="3" id="13" name="shooter 8" sx="1.0" sy="1.0" x="153" y="215" z="0"/>
        <actor a="0.0" aid="9" c="false" group="3" id="13" name="shooter 9" sx="1.0" sy="1.0" x="90" y="169" z="0"/>
        <actor a="0.0" aid="10" c="false" group="3" id="17" name="coin 10" sx="0.2" sy="0.2" x="432" y="343" z="0"/>
        <actor a="0.0" aid="11" c="false" group="3" id="17" name="coin 11" sx="0.2" sy="0.2" x="339" y="277" z="0"/>
        <actor a="0.0" aid="12" c="false" group="3" id="17" name="coin 12" sx="0.2" sy="0.2" x="241" y="212" z="0"/>
        <actor a="0.0" aid="13" c="false" group="3" id="17" name="coin 13" sx="0.2" sy="0.2" x="143" y="146" z="0"/>
        <actor a="0.0" aid="14" c="false" group="3" id="17" name="coin 14" sx="0.2" sy="0.2" x="88" y="81" z="0"/>
        <actor a="0.0" aid="15" c="false" group="3" id="17" name="coin 15" sx="0.2" sy="0.2" x="-8" y="40" z="0"/>
    </actors>
    <snippets>
        <s enabled="true" id="17">
            <prop id="1" list="0" val="0"/>
            <prop id="2" list="0" val="3"/>
            <prop id="4" list="0" val="2"/>
            <prop id="7" list="0" val="false"/>
            <prop id="8" list="0" val="false"/>
            <prop id="9" list="0" val="No Control"/>
            <prop id="10" list="0" val="0.5"/>
            <prop id="11" list="0" val="0.5"/>
            <prop id="12" list="0" val="Crossfade"/>
        </s>
        <s enabled="true" id="26">
            <prop id="1" list="0" val="Default Font"/>
            <prop id="2" list="0" val="0.0"/>
            <prop id="3" list="0" val="0.0"/>
            <prop id="4" list="0" val="0.0"/>
            <prop id="6" list="0" val="0.0"/>
            <prop id="7" list="0" val=""/>
            <prop id="8" list="0" val=""/>
            <prop id="9" list="0" val="0.0"/>
            <prop id="10" list="0" val="true"/>
        </s>
    </snippets>
    <terrain>
        <p pts="8,640.0,0.0,640.0,352.0,576.0,352.0,576.0,320.0,608.0,320.0,608.0,32.0,0.0,32.0,0.0,0.0" x="0.0" y="0.0"/>
        <p pts="4,32.0,0.0,32.0,32.0,0.0,32.0,0.0,0.0" x="384.0" y="352.0"/>
        <p pts="12,0.0,352.0,0.0,0.0,64.0,0.0,64.0,32.0,32.0,32.0,32.0,320.0,480.0,320.0,480.0,288.0,512.0,288.0,512.0,320.0,640.0,320.0,640.0,352.0" x="0.0" y="128.0"/>
        <p pts="4,32.0,0.0,32.0,32.0,0.0,32.0,0.0,0.0" x="128.0" y="160.0"/>
        <p pts="4,32.0,0.0,32.0,32.0,0.0,32.0,0.0,0.0" x="288.0" y="288.0"/>
        <p pts="4,32.0,0.0,32.0,32.0,0.0,32.0,0.0,0.0" x="192.0" y="224.0"/>
    </terrain>
    <atlases members="" retainAtlases="true"/>
</scene>
