<?xml version="1.0" encoding="UTF-8" standalone="no"?>
<scene depth="1" desc="" eventsnippetid="24" extheight="544" extwidth="704" extx="-32" exty="-32" format="3.4.0" gravx="-0.0" gravy="85.0" height="480" id="3" name="4" revision="" savecount="0" tiled="1" tileh="32" tilew="32" type="standard" width="640">
    <layers>
        <color-bg blue="51" green="51" red="51"/>
        <layer blendMode="normal" color="100,168,234" id="0" locked="false" name="Layer 0" opacity="100" order="0" scrollFactorX="1.0" scrollFactorY="1.0" visible="true"/>
    </layers>
    <joints/>
    <regions>
        <region b="64" g="64" h="34" id="0" name="Region 0" pts="4,0.0,0.0,0.0,34.0,52.0,34.0,52.0,0.0" r="64" type="box" w="52" x="329" y="439"/>
    </regions>
    <terrainRegions/>
    <actors>
        <actor a="0.0" aid="1" c="false" group="0" id="1" name="tux 1" sx="3.1875" sy="3.0625" x="51" y="32" z="0"/>
        <actor a="0.0" aid="2" c="false" group="3" id="7" name="landmine 2" sx="1.0" sy="1.0" x="267" y="174" z="0"/>
        <actor a="0.0" aid="3" c="false" group="3" id="7" name="landmine 3" sx="1.0" sy="1.0" x="202" y="237" z="0"/>
        <actor a="0.0" aid="4" c="false" group="3" id="17" name="coin 4" sx="0.2" sy="0.2" x="175" y="153" z="0"/>
        <actor a="0.0" aid="5" c="false" group="3" id="17" name="coin 5" sx="0.2" sy="0.2" x="401" y="53" z="0"/>
        <actor a="0.0" aid="6" c="false" group="3" id="17" name="coin 6" sx="0.2" sy="0.2" x="512" y="95" z="0"/>
        <actor a="0.0" aid="7" c="false" group="3" id="17" name="coin 7" sx="0.2" sy="0.2" x="430" y="215" z="0"/>
        <actor a="0.0" aid="8" c="false" group="3" id="17" name="coin 8" sx="0.2" sy="0.2" x="289" y="337" z="0"/>
        <actor a="0.0" aid="9" c="false" group="3" id="13" name="shooter 9" sx="1.0" sy="1.0" x="509" y="37" z="0"/>
        <actor a="0.0" aid="10" c="false" group="3" id="13" name="shooter 10" sx="1.0" sy="1.0" x="384" y="38" z="0"/>
    </actors>
    <snippets>
        <s enabled="true" id="17">
            <prop id="1" list="0" val="0"/>
            <prop id="2" list="0" val="4"/>
            <prop id="4" list="0" val="1"/>
            <prop id="7" list="0" val="false"/>
            <prop id="8" list="0" val="false"/>
            <prop id="9" list="0" val="No Control"/>
            <prop id="10" list="0" val="0.5"/>
            <prop id="11" list="0" val="0.5"/>
            <prop id="12" list="0" val="Crossfade"/>
        </s>
        <s enabled="true" id="26">
            <prop id="1" list="0" val="Default Font"/>
            <prop id="2" list="0" val="0.0"/>
            <prop id="3" list="0" val="0.0"/>
            <prop id="4" list="0" val="0.0"/>
            <prop id="6" list="0" val="0.0"/>
            <prop id="7" list="0" val=""/>
            <prop id="8" list="0" val=""/>
            <prop id="9" list="0" val="0.0"/>
            <prop id="10" list="0" val="true"/>
        </s>
    </snippets>
    <terrain>
        <p pts="4,0.0,0.0,32.0,0.0,32.0,96.0,0.0,96.0" x="0.0" y="0.0"/>
        <p pts="10,544.0,480.0,288.0,480.0,288.0,320.0,512.0,320.0,512.0,32.0,96.0,32.0,96.0,96.0,0.0,96.0,0.0,0.0,544.0,0.0" x="96.0" y="0.0"/>
        <p pts="18,320.0,64.0,320.0,320.0,0.0,320.0,0.0,192.0,128.0,192.0,128.0,160.0,160.0,160.0,160.0,128.0,192.0,128.0,192.0,96.0,224.0,96.0,224.0,64.0,256.0,64.0,256.0,32.0,288.0,32.0,288.0,0.0,544.0,0.0,544.0,64.0" x="0.0" y="160.0"/>
    </terrain>
    <atlases members="" retainAtlases="true"/>
</scene>
