<?xml version="1.0" encoding="UTF-8" standalone="no"?>
<scene depth="1" desc="" eventsnippetid="27" extheight="544" extwidth="704" extx="-32" exty="-32" format="3.4.0" gravx="-0.0" gravy="85.0" height="480" id="4" name="5" revision="" savecount="0" tiled="1" tileh="32" tilew="32" type="standard" width="640">
    <layers>
        <color-bg blue="51" green="51" red="51"/>
        <layer blendMode="normal" color="100,168,234" id="0" locked="false" name="Layer 0" opacity="100" order="0" scrollFactorX="1.0" scrollFactorY="1.0" visible="true"/>
    </layers>
    <joints/>
    <regions/>
    <terrainRegions/>
    <actors>
        <actor a="0.0" aid="1" c="false" group="0" id="1" name="tux 1" sx="2.9375" sy="2.8125" x="307" y="29" z="0"/>
        <actor a="0.0" aid="2" c="false" group="3" id="28" name="za thing 2" sx="4.5" sy="2.9375" x="174" y="57" z="0"/>
        <actor a="0.0" aid="3" c="false" group="3" id="33" name="dropper 3" sx="1.0" sy="1.0" x="564" y="42" z="0"/>
        <actor a="0.0" aid="4" c="false" group="3" id="33" name="dropper 4" sx="1.0" sy="1.0" x="39" y="43" z="0"/>
    </actors>
    <snippets/>
    <terrain>
        <p pts="4,64.0,0.0,64.0,32.0,0.0,32.0,0.0,0.0" x="448.0" y="224.0"/>
        <p pts="24,640.0,480.0,0.0,480.0,0.0,0.0,288.0,0.0,288.0,96.0,256.0,96.0,256.0,32.0,32.0,32.0,32.0,352.0,96.0,352.0,96.0,384.0,32.0,384.0,32.0,448.0,608.0,448.0,608.0,384.0,544.0,384.0,544.0,352.0,608.0,352.0,608.0,32.0,384.0,32.0,384.0,96.0,352.0,96.0,352.0,0.0,640.0,0.0" x="0.0" y="0.0"/>
        <p pts="4,0.0,32.0,0.0,0.0,64.0,0.0,64.0,32.0" x="128.0" y="224.0"/>
    </terrain>
    <atlases members="" retainAtlases="true"/>
</scene>
