<?xml version="1.0" encoding="UTF-8" standalone="no"?>
<scene depth="1" desc="" eventsnippetid="32" extheight="544" extwidth="704" extx="-32" exty="-32" format="3.4.0" gravx="-0.0" gravy="0.0" height="480" id="5" name="intro" revision="" savecount="0" tiled="1" tileh="32" tilew="32" type="standard" width="640">
    <layers>
        <color-bg blue="0" green="0" red="0"/>
        <layer blendMode="normal" color="100,168,234" id="0" locked="false" name="Layer 0" opacity="100" order="0" scrollFactorX="1.0" scrollFactorY="1.0" visible="true"/>
    </layers>
    <joints/>
    <regions/>
    <terrainRegions/>
    <actors/>
    <snippets>
        <s enabled="true" id="33">
            <prop id="5" list="0" val="false"/>
            <prop id="6" list="0" val="Default Font"/>
            <prop id="7" list="0" val="0"/>
            <prop id="8" list="0" val="480"/>
            <prop id="10" list="0" val="It is a period of diplomatic deadlock. Rebel senators, striking from a hidden base, have won their first victory against the evil republican Empire.  During the battle, Rebel senators managed to steal secret plans to the Empire's ultimate weapon, the PATRIOT ACT, an new law with enough power to spy on an entire planet.  Pursued by the Empire's sinister agents,  Tux races home aboard his starship, custodian of the stolen plans that can save his people and restore freedom to the galaxy...."/>
            <prop id="11" list="0" val="0.2"/>
            <prop id="12" list="0" val="true"/>
            <prop id="13" list="0" val="320"/>
            <prop id="14" list="0" val="192,192,192,255"/>
            <prop id="15" list="0" val="192,192,192,255"/>
            <prop id="16" list="0" val="1.0"/>
            <prop id="17" list="0" val="4.0"/>
            <prop id="18" list="0" val="0"/>
            <prop id="19" list="0" val="Up"/>
            <prop id="20" list="0" val="0"/>
        </s>
    </snippets>
    <terrain/>
    <atlases members="" retainAtlases="true"/>
</scene>
